Source,Name/Title,City/Region,Phone/Contact,Category/Role,Notes,URL/Address
IndiaMART,M/s Radha Kishan Bishan Dass Rang Rasayan Private Limited,"Hathras, Uttar Pradesh",8043883410,Supplier,GSTIN: 09AAHCR0680B1ZK | Est. 2010 | Brands: ,https://www.indiamart.com/totacolors/pichkari.html#tota-water-shooting-car-rc-car
IndiaMART,Hitendar Sales Corporation,"Bengaluru, Karnataka",8047693080,Supplier,GSTIN: 29AAHFH2998D1Z1 | Est. 2011 | Brands: Centy,https://www.indiamart.com/hitendarsalescorporation/kids-toys.html#ambassador-taxi-toy-car
IndiaMART,E Cube Power,"Chennai, Tamil Nadu",7949312512,Supplier,GSTIN: 33BATPP9026M1ZY | Est. 2013 | Brands: ,https://www.indiamart.com/ecubepower/remote-control-car-toy.html#6v-nicd-yellow-kids-battery-powered-remote-control-car
IndiaMART,Loty Store,"Chennai, Tamil Nadu",8047665805,Supplier,GSTIN: 33EIDPK9407A1ZN | Est. 2014 | Brands: Climbing,https://www.indiamart.com/loty-store/kids-remote-control-car.html#loty-store-4wd-20-km-h-speed-drift-rc-car-toy
IndiaMART,Monopoly Marketing,"Chennai, Tamil Nadu",8043847565,Supplier,GSTIN: 33AIHPS2654R1ZL | Est. 2014 | Brands: ,https://www.monopolymarketing.co.in/kids-push-ride-on.html#kids-sports-car
IndiaMART,Ramdev Impex,"Chennai, Tamil Nadu",8047812326,Supplier,GSTIN: 33AOPPK4705D1Z6 | Est. 2015 | Brands: Hot Wheels,https://www.indiamart.com/ramdev-impex-chennai/kids-toys.html#rotating-rolling-rc-car
IndiaMART,Aurora Concept Construction & Maintenance,"Chennai, Tamil Nadu",7942790346,Supplier,GSTIN: 33BJSPD6286M1ZK | Est. 2015 | Brands: ,https://www.indiamart.com/aurora-concept-construction-maintenance/radio-control-stunt-car.html#rc-radio-control-stunt-car
IndiaMART,Manthra Fancy World,"Chennai, Tamil Nadu",7942551240,Supplier,GSTIN: 33AUMPA8138R1Z3 | Est. 2015 | Brands: ,https://www.indiamart.com/manthra-fancy-world/
IndiaMART,HM Toys,"Chennai, Tamil Nadu",8047785058,Supplier,GSTIN: 33AFAPC6354A1Z9 | Est. 2015 | Brands: ,https://www.indiamart.com/hmtoys/vehicle-toy.html#red-driver-realistic-kids-toy-car-no-of-wheel-4-packaging-type-box
IndiaMART,Novo3d,"Coimbatore, Tamil Nadu",7942545947,Supplier,GSTIN: 33BEPPS3357L1ZV | Est. 2015 | Brands: Tech RC,https://www.indiamart.com/novo3d/
IndiaMART,Gift World,"Chennai, Tamil Nadu",8043890841,Supplier,GSTIN: 33AIUPB8930A2ZG | Est. 2015 | Brands: ,https://www.gift-world.in/
IndiaMART,Raja Plastic,"New Delhi, Delhi",8048205447,Supplier,GSTIN: 07AINPA8441N1ZV | Est. 2015 | Brands: ,https://www.rajaplastic.co.in/toy-car.html#multicolor-r-c-model-car-with-light-metal-die-cast
IndiaMART,Sri Laxmi Toys,"Chennai, Tamil Nadu",7949304100,Supplier,GSTIN: 33GFAPK7537D1ZM | Est. 2016 | Brands: ,https://www.indiamart.com/srilaxmitoys/kids-toys.html#plastic-kids-remote-control-car
IndiaMART,SMK Traders,"Dindigul, Tamil Nadu",7942541527,Supplier,GSTIN: 33CVUPA2793M1Z0 | Est. 2016 | Brands: Padmavati Toys,https://www.indiamart.com/smk-tradersdindigul/car-toy.html#padmavati-toys-fast-modern-car
IndiaMART,V.S.Trading Co.,"Chennai, Tamil Nadu",7949084448,Supplier,GSTIN: 33AAAFV0599B1ZG | Est. 2017 | Brands: Street Fire,https://www.indiamart.com/v-stradingco/remote-control-toys.html#plastic-rc-car-toy-12-m
IndiaMART,Sri Annai Pharmacy,"Chennai, Tamil Nadu",8047520517,Supplier,GSTIN: 33AAUPA8713E1ZU | Est. 2017 | Brands: ,https://www.indiamart.com/sri-annai-pharmacy-chennai/kids-remote-control-toy-vehicle.html#remote-control-robot-car
IndiaMART,Ahilya Enterprises,"Badlapur, Maharashtra",7943439525,Supplier,GSTIN: 27ATLPA0208J1Z0 | Est. 2017 | Brands: Magic car,https://www.indiamart.com/ahilyaenterprisesindia/
IndiaMART,Dhan Laxmi Impex,"Chennai, Tamil Nadu","5199, 8047520223",Supplier,GSTIN: 33AHJPG0835D1ZW | Est. 2017 | Brands: ,https://www.indiamart.com/dhanlaxmi-impex/kids-toy.html#kids-toys-car
IndiaMART,Truebucks Enterprises,"New Delhi, Delhi",8047662364,Supplier,GSTIN: 07BBIPS2306F1ZT | Est. 2017 | Brands: ,https://www.truebucks.in/kids-toy.html#aaa-green-rc-drift-car
IndiaMART,Sun Bright Marketing,"Chennai, Tamil Nadu","4333, 8047520440",Supplier,GSTIN: 33AAMPM8261F1ZL | Est. 2017 | Brands: ,https://www.indiamart.com/sun-bright-marketing/
IndiaMART,Bhawani Enterprises,"Chennai, Tamil Nadu",7942870100,Supplier,GSTIN: 33ACXPC9397D1Z5 | Est. 2018 | Brands: Lumo,https://www.indiamart.com/bhawani-enterprise-chennai/
IndiaMART,P N Agencys,"Chennai, Tamil Nadu","7515, 8043800590",Supplier,GSTIN: 33AAGPN7502G1ZY | Est. 2018 | Brands: ,https://www.indiamart.com/p-n-agencys/car-toy.html#plastic-3d-light-wireless-r-c-car
IndiaMART,Rudi Toy's Kingdom,"Chennai, Tamil Nadu",8048262001,Supplier,GSTIN: 33FHEPA0223D1ZC | Est. 2018 | Brands: ,https://www.indiamart.com/rudi-toys-kingdom/plastic-toys.html#black-bmw-x6-remote-control-car-plastic-toy
IndiaMART,Rajendra Marketings,"Chennai, Tamil Nadu",7949351859,Supplier,GSTIN: 33AGXPK8128L1ZP | Est. 2018 | Brands: ,https://www.indiamart.com/rajendra-marketings/board-games.html#cross-country-car-off-road-toy-car-set-s-154
IndiaMART,Sri Neevee Enterprises,"Chennai, Tamil Nadu",7948218922,Supplier,GSTIN: 33AFDFS6177C1Z2 | Est. 2018 | Brands: ,https://www.indiamart.com/sri-neevee-enterprises/
IndiaMART,Maruti Novelty,"Chennai, Tamil Nadu",8047670742,Supplier,GSTIN: 33ACYPH9547D1Z7 | Est. 2018 | Brands: ,https://www.indiamart.com/maruti-novelty/toys.html#small-toy-cars
IndiaMART,B Shah Enterprises,"Vasai Virar, Maharashtra",8047633191,Supplier,GSTIN: 27EJVPS3666G1ZB | Est. 2018 | Brands: ,https://www.bshahenterprises.com/toy-vehicles.html#plastic-f1-racing-car-with-light-and-sound-1-14-scale
IndiaMART,Mega Deals,"Surat, Gujarat",8047676929,Supplier,GSTIN: 24BJQPJ4656P2ZE | Est. 2018 | Brands: ,https://www.indiamart.com/mega-deals-surat/kids-toy.html#md-777-mini-metal-racing-cars-toy-vehicles
IndiaMART,Blue Rank Co.,"Jaipur, Rajasthan",7942626921,Supplier,GSTIN: 08GBTPS1524M1ZU | Est. 2018 | Brands: Bluerank,https://www.indiamart.com/blue-rank-rajasthan/remote-control-car.html#remote-control-formula-one-f1-high-speed-sports-car
IndiaMART,Deodap,"Rajkot, Gujarat",7949347723,Supplier,GSTIN: 24AALFD7390P1ZQ | Est. 2018 | Brands: Deodap,https://www.indiamart.com/deodap/toys.html#electroplay-high-speed-remote-control-racing-car-1-set-4416
IndiaMART,Prime Communications,"Chennai, Tamil Nadu",8047523541,Supplier,GSTIN: 33KOTPK1423L1ZI | Est. 2019 | Brands: ,https://www.indiamart.com/primecommunications-chennai/
IndiaMART,Sri Pawan Toys,"Chennai, Tamil Nadu",8043829946,Supplier,GSTIN: 33ESPPD4917N1ZA | Est. 2019 | Brands: ,https://www.indiamart.com/sripawantoys/
IndiaMART,Mayatra Enterprises,"Mumbai, Maharashtra",8047623874,Supplier,GSTIN: 27AAWFM6812C1Z2 | Est. 2019 | Brands: ,https://www.indiamart.com/mayatra-enterprises/kids-remote-control-car.html#rc-drift-car-with-camera-screen-remote-c6-mini
IndiaMART,Vision Enterprises,"New Delhi, Delhi",8045909714,Supplier,GSTIN: 07AAUFV0561D1Z1 | Est. 2019 | Brands: ,https://www.visionenterprises89.com/
IndiaMART,Sundha Impex,"Chennai, Tamil Nadu","6541, 8043816826",Supplier,GSTIN: 33AXBPR7752G1ZC | Est. 2019 | Brands: ,https://www.indiamart.com/sundha-impex/toys.html#remote-racing-car-toy
IndiaMART,Dev Narayan Marketing,"Surat, Gujarat",7942959734,Supplier,GSTIN: 24DIQPR1974H1ZP | Est. 2019 | Brands: ,https://www.indiamart.com/devnarayanmarketing/toys.html#plastic-bat-man-remote-control-spray-car-high-speed-rc-cars-toys
IndiaMART,Dabster International Private Limited,"Rajkot, Gujarat",7949303883,Supplier,GSTIN: 24AAHCD5265C1ZX | Est. 2019 | Brands: Deodap,https://www.dabster.international/toys-baby-care-1.html#high-speed-remote-control-racing-car-1-set-4416
IndiaMART,Power International,"Chennai, Tamil Nadu",8047655509,Supplier,GSTIN: 33AICPJ0218M1ZL | Est. 2020 | Brands: ,https://www.indiamart.com/power-international-chennai/kids-remote-control-car.html#multicolor-plastic-car-remote-control-cars
IndiaMART,Liya V Enterprises,"New Delhi, Delhi",8047658249,Supplier,GSTIN: 07BCPPV0194N1ZQ | Est. 2020 | Brands: ,https://www.liyavtoys.com/kids-remote-control-toy-vehicle.html#rc-drift-4wd
IndiaMART,Ekidar,"Kochi, Kerala",8047622879,Supplier,GSTIN: 32CRZPT0888H1ZX | Est. 2021 | Brands: Ekidar,https://www.ekidar.com/kids-toys.html#mini-rc-intelligent-sensor-stunt-car-mini-dream-racing-car-follow-me-escape-mode-fall-resistant-car
IndiaMART,Shine Traders,"Mumbai, Maharashtra",8047793877,Supplier,GSTIN: 27CZQPK8024H1ZY | Est. 2021 | Brands: ,https://www.shinetraders.net/kids-remote-control-car.html#k5080a6-mini-rc-drift-die-cast-car-1-64-scale-rechargeable
IndiaMART,Dd Entreprises,"Chennai, Tamil Nadu","5817, 8047655336",Supplier,GSTIN: 33GTHPD1283E1Z0 | Est. 2021 | Brands: ,https://www.indiamart.com/company/134683327/remote-control-toys.html#rc-remote-control-car-off-road-reachargable-with-smoke-ejector-premium-quality
IndiaMART,RV Enterprises,"New Delhi, Delhi",7942795485,Supplier,GSTIN: 07BCQPT8190K1ZL | Est. 2021 | Brands: ,https://www.rventerprisesindia.com/remote-control-car.html#rock-crawler-car-remote-control-5-function-high-speed-1-18-rc-car-toys
IndiaMART,A.K.N Traders,"Mumbai, Maharashtra",7942869187,Supplier,GSTIN: 27CBMPN5666G1Z4 | Est. 2021 | Brands: Super High,https://www.akntraders.com/
IndiaMART,Om Enterprises,"Chennai, Tamil Nadu","1767, 7942801921",Supplier,GSTIN: 33ANGPJ2762H1Z5 | Est. 2021 | Brands: ,https://www.indiamart.com/omenterprises-128248477/
IndiaMART,CTM Toys,"Mumbai, Maharashtra",7942869160,Supplier,GSTIN: 27AADFW5577H1ZP | Est. 2022 | Brands: Toyboi,https://www.indiamart.com/whitehousetoys/
IndiaMART,Royal Novelty,"Chennai, Tamil Nadu",8043884376,Supplier,GSTIN: 33AREPP2485K1ZI | Est. 2022 | Brands: ,https://www.indiamart.com/royalnovelty/kids-toy.html#abs-plastic-battery-r-c-car
IndiaMART,Ratnaakar Impex,"Bengaluru, Karnataka",7942843226,Supplier,GSTIN: 29AXMPJ6837F1Z0 | Est. 2022 | Brands: ,https://www.indiamart.com/ratnaakarimpex/kids-toys.html#rc-drift-4wd
IndiaMART,Smitox B2B,"Mumbai, Maharashtra",8048211165,Supplier,GSTIN: 27BBVPJ8642Q1ZH | Est. 2022 | Brands: ,https://www.indiamart.com/smitoxbtob/graphics-card.html#fast-modern-car-with-remote-scale-1-32
IndiaMART,Hare Krishna Enterprises,"New Delhi, Delhi",8047803566,Supplier,GSTIN: 07ABJPS7967E1Z2 | Est. 2022 | Brands: ,https://www.indiamart.com/harekrishnaenterprises-newdelhi/kids-toy.html#kids-plastic-drift-go-toy-racing-car-scale-1-22
IndiaMART,Rozzby,"Surat, Gujarat",8047622002,Supplier,GSTIN: 24BYHPG0953Q1Z3 | Est. 2022 | Brands: ,https://www.cheaperzonetoys.com/kids-toys.html#rechargeable-3d-lights-famous-remote-control-high-speed-racing-car-toy-for-kids-blue
IndiaMART,Shah International,"Chennai, Tamil Nadu",7942963807,Supplier,GSTIN: 33AFCFS0538Q1ZP | Est. 2023 | Brands: ,https://www.playschoolfurnitureindia.com/magic-car.html#elephant-car-twist-car
IndiaMART,Basketo,"Surat, Gujarat",7942716532,Supplier,GSTIN: 24BKOPH2254Q1ZP | Est. 2023 | Brands: ,https://www.basketo.net/kids-toy.html#smart-rc-drift-car-toy
IndiaMART,Usha Toy Stor,"Chennai, Tamil Nadu","7942702560, 8517",Supplier,GSTIN: 33PNIPS7296L1ZR | Est. 2023 | Brands: ,https://www.indiamart.com/company/194990824/
IndiaMART,Indial Premium Products,"New Delhi, Delhi",7942841121,Supplier,GSTIN: 07CSBPG8868D1ZL | Est. 2024 | Brands: ,https://www.ippwholesaler.com/toys-supplier.html#rc-car-toy-scale-1-10
IndiaMART,Megha Toys,"Chennai, Tamil Nadu",8047652297,Supplier,GSTIN: 33AIZPC0125B1ZU | Est. 2024 | Brands: ,https://www.indiamart.com/megha-toys/
IndiaMART,Divine Creations,"New Delhi, Delhi",7949082860,Supplier,GSTIN: 07BLGPA0877F1ZC | Est. 2024 | Brands: ,https://www.indiamart.com/divine-creations-newdelhi/kids-toys.html#abs-wireless-remote-control-car-toy-with-stearing
IndiaMART,Iscon Mart,"Surat, Gujarat",8047682182,Supplier,GSTIN: 24AAKFI6794H1ZX | Est. 2024 | Brands: ,https://www.indiamart.com/iscon-mart-gujarat/
IndiaMART,Kaira Enterprise,"Surat, Gujarat",7949325958,Supplier,GSTIN: 24FTSPR9005N2ZR | Est. 2024 | Brands: Maisto,https://www.prementerprise.in/kids-toy.html#rc-monster-truck-rock-crawler-lmi-7709
IndiaMART,Gakasn Enterprises,"Chennai, Tamil Nadu","8047767128, 8930",Supplier,GSTIN: 33EPXPM2948F1ZD | Est. 2024 | Brands: ,https://www.indiamart.com/company/224025260/kids-toy.html#remote-control-car-with-lights-highspeed-rc-car-with-led-lights-off-road-racing-vehicle
IndiaMART,Hilltop Enterprises,"Surat, Gujarat",8047801446,Supplier,GSTIN: 24GRGPS0133D1Z4 | Est. 2024 | Brands: ,https://www.indiamart.com/hilltop-enterprisesgujarat/remote-control-toys.html#5-function-fog-spray-high-speed-1-20-rc-car
IndiaMART,Chryztafa,"Chennai, Tamil Nadu","7913, 8047312393",Supplier,GSTIN: 33BCXPC6472N1ZX | Est. 2025 | Brands: ,https://www.indiamart.com/the-dot-enterprise/
IndiaMART,Shree Balaji Impex,"New Delhi, Delhi",8043887989,Supplier,GSTIN: 07DSZPA6901E1ZM | Est. 2025 | Brands: ,https://www.kidookraft.com/remote-control-car.html#drift-rc-remote-control-thar-toy-car-scale-1-32
GMaps,Daddy Drones Mumbai,Mumbai,+91 72082 04541,HOBBY_RC,GMaps cat: Hobby store | 4.4★ / 1762 reviews,"84/670, off New Link Road, behind Zebra Showroon, Motilal Nagar III, Goregaon West, Mumbai, Maharashtra 400104, India"
GMaps,Toy Collectors India,Mumbai,+91 85918 58513,HOBBY_RC,GMaps cat: Hobby store | 4.7★ / 909 reviews,"Shop no 413 4th Floor, HillView Industrial Estate, inside Siddhpura Industrial, behind R City Mall, Amrut Nagar, Ghatkopar West, Mumbai, Maharashtra 400086, India"
GMaps,NVX Drone Store,Delhi,+91 95609 21619,HOBBY_RC,GMaps cat: Hobby store | 4.7★ / 763 reviews,"C Block, C42/2 1st Floor Dwarka Sadan, Middle Cir, Connaught Place, New Delhi, Delhi 110001, India"
GMaps,Melody Science Projects (Science Hub),Delhi,+91 98111 11537,HOBBY_RC,GMaps cat: Hobby store | 4.8★ / 595 reviews,"B3B, near INOX parking, opp. KFC, Janakpuri District Center, Janakpuri, Delhi, 110058, India"
GMaps,New Silikon Electronics,Mumbai,+91 98338 62543,HOBBY_RC,GMaps cat: Hobby store | 4.2★ / 457 reviews,"Shop no 6, Shivoham Apartments, Procter Rd, Grant Road East, Shapur Baug, Grant Road, Mumbai, Maharashtra 400007, India"
GMaps,Science Hobby Centre,Delhi,+91 98715 51050,HOBBY_RC,GMaps cat: Store | 3.4★ / 277 reviews,"Shop No. UG-9, Vishwa Sadan, Janakpuri District Center, Janakpuri, New Delhi, Delhi 110058, India"
GMaps,TRD Enterprises,Delhi,+91 84477 78475,HOBBY_RC,GMaps cat: Hobby store | 4.7★ / 268 reviews,"28D, Janakpuri Rd, BB Block, Janakpuri, New Delhi, Delhi, 110058, India"
GMaps,RcBazaar Pune,Pune,,HOBBY_RC,GMaps cat: Hobby store | 3.9★ / 248 reviews,"Shriram Yashoda Complex, Building, Baner Rd, Balewadi Phata, Baner, Pune, Maharashtra 411045, India"
GMaps,Jacks-Hobbies,Hyderabad,+91 95023 76611,HOBBY_RC,GMaps cat: Aeromodel shop | 3.8★ / 215 reviews,"1st floor, plot No, 1, Rd Number 3, North H Block, Journalist Colony, Banjara Hills, Hyderabad, Telangana 500082, India"
GMaps,Aradioc Pvt. Ltd.,Hyderabad,+91 86864 46535,HOBBY_RC,GMaps cat: Aeromodel shop | 4.7★ / 190 reviews,"1-398/35, IAS Colony, Toli Chowki, Hyderabad, Telangana 500008, India"
GMaps,xyzhobby.com,Delhi,+91 99113 63711,HOBBY_RC,GMaps cat: Hobby store | 4.8★ / 164 reviews,"House no 119 DDA FLATS WELCOME SEELAMPUR 3, Shahdara, New Delhi, Delhi 110053, India"
GMaps,RcBazaar Mumbai,Mumbai,+91 22 2887 6644,HOBBY_RC,GMaps cat: Hobby store | 4★ / 104 reviews,"2nd floor, Growel's 101 mall, Kandivali, Akurli Industry Estate, Kandivali East, Mumbai, Maharashtra 400101, India"
GMaps,Shree Creators Model Making Company | Architectural Model Making | Miniature Model Maker | 3D Scale Model Maker,Mumbai,+91 99677 28138,HOBBY_RC,GMaps cat: Architectural and engineering model maker | 4.9★ / 102 reviews,"H.O, Best Colony Rd, Motilal Nagar I, Goregaon West, Mumbai, Maharashtra 400104, India"
GMaps,Dwarka Hobby Shop Aquarium,Delhi,+91 99538 45849,HOBBY_RC,GMaps cat: Aquarium shop | 3.3★ / 101 reviews,"C-924, Block C, Sector 7 Dwarka, Dwarka, New Delhi, Delhi, 110077, India"
GMaps,INDIAN MODEL MAKERS,Chennai,+91 98457 10448,HOBBY_RC,GMaps cat: Telescope store | 4.8★ / 74 reviews,"Plot No, 126/142, Big St, next to KRP Mansion, Narayana Krishnaraja Puram, Triplicane, Chennai, Tamil Nadu 600005, India"
GMaps,Aircraft model store,Mumbai,+91 83692 86214,HOBBY_RC,GMaps cat: Hobby store | 4.8★ / 67 reviews,"Saint Peters Road, Hill Rd, Bandra West, Mumbai, Maharashtra 400050, India"
GMaps,Airmodelcrafts,Delhi,+91 99535 17691,HOBBY_RC,GMaps cat: Aeromodel shop | 5★ / 60 reviews,"paschim vihar east metro station, opp. to pilar 218, Delhi 110063, India"
GMaps,DJI Drone shop,Delhi,+91 96672 51959,HOBBY_RC,GMaps cat: Hobby store | 4.6★ / 53 reviews,"Nitin Apartments, Prema Kunj, Civil Lines, Delhi, 110054, India"
GMaps,NGF Gaming Arena - RC Racing Playground,Hyderabad,+91 98969 96300,HOBBY_RC,GMaps cat: Recreation center | 4.7★ / 51 reviews,"1-5-1118/7, Road No. 9, below Funtoosh play town, Kandlakoya, Old Alwal, Bolarum, Hyderabad, Secunderabad, Telangana 500067, India"
GMaps,Traxxas India,Delhi,+91 99207 99822,HOBBY_RC,GMaps cat: Hobby store | 4.1★ / 44 reviews,"d b gupta market, 187, Gurudwara Rd, Karol Bagh, New Delhi, Delhi 110005, India"
GMaps,SS Hobby Centre,Chennai,+91 78888 96969,HOBBY_RC,GMaps cat: Hobby store | 4.5★ / 40 reviews,"21/28, Managappan Street, near Motilal Fomra School, Sowcarpet, George Town, Chennai, Tamil Nadu 600001, India"
GMaps,"Nimitt craft shack 4 (Hobby,Handwriting & Customised gift Store)",Pune,+91 95451 91715,HOBBY_RC,GMaps cat: Hobby store | 4.9★ / 40 reviews,"Shop no. 223, Palladium Exotica, 2nd Floor, Lohegaon Rd, above Cotton King, Madhav Nagar, Dhanori, Pune, Maharashtra 411015, India"
GMaps,MRC Hobbies,Mumbai,+91 88501 07241,HOBBY_RC,GMaps cat: Hobby store | 4.7★ / 31 reviews,"2nd Floor, PN Kothari Industrial Estate, 201, Lal Bahadur Shastri Marg, near navkar Hospital, Sonapur, Bhandup West, Mumbai, Maharashtra 400078, India"
GMaps,Veels on 5er Racing & Hobbies,Hyderabad,+91 90002 32464,HOBBY_RC,GMaps cat: Hobby store | 4.6★ / 27 reviews,"Sultan Nagar, Ameerpet, Hyderabad, Telangana 500114, India"
GMaps,RC Racing Hobbies,Delhi,+91 99111 15451,HOBBY_RC,GMaps cat: Hobby store | 4.6★ / 26 reviews,"S-35, Ram Dulari Tundelkar Ji Rd, Pocket S, Okhla Phase II, Okhla Industrial Estate, New Delhi, Delhi 110020, India"
GMaps,Cinerigs,Mumbai,+91 93722 16165,HOBBY_RC,GMaps cat: Hobby store | 4.8★ / 23 reviews,"Malad, Evershine Nagar, Malad West, Mumbai, Maharashtra 400064, India"
GMaps,AR Model Makers | Scale Model Making Company | Industrial Model Making | Engineering Model Making | Marine Model Makers,Mumbai,+91 82638 62853,HOBBY_RC,GMaps cat: Architectural and engineering model maker | 5★ / 20 reviews,"A-WING, 36, Dr Annie Besant Rd, Tulsi Vihar, Gopal Nagar, Worli, Mumbai, Maharashtra 400025, India"
GMaps,SKY HIGH,Hyderabad,+91 77939 15111,HOBBY_RC,GMaps cat: Hobby store | 4.9★ / 20 reviews,"plot no:598, S.K.D. Nagar, Vanasthalipuram, Hyderabad-50007, Hyderabad, Telangana 500070, India"
GMaps,Desai's Art Studio,Pune,+91 87883 51123,HOBBY_RC,GMaps cat: Architectural and engineering model maker | 5★ / 19 reviews,"Vitthal Prasad Building, Lane : 13B, houseing society, Garmal, Dhayari, Pune, Maharashtra 411041, India"
GMaps,Scale Arts In,Pune,+91 97803 09070,HOBBY_RC,GMaps cat: Hobby store | 5★ / 18 reviews,"FRP2+QR7, Swami Vivekanand Society, Warje, Pune, Maharashtra 411058, India"
GMaps,AeroCrafters,Pune,+91 96048 48164,HOBBY_RC,GMaps cat: Hobby store | 5★ / 11 reviews,"Chaitra Nagari, B2 F5, Gandhi Bhavan Rd, Chaitanya Nagar, Kothrud, Pune, Maharashtra 411038, India"
GMaps,Hobby Ideas,Pune,,HOBBY_RC,GMaps cat: Art supply store | 3.7★ / 10 reviews,"Shop No S-67A, Second Floor, Phoenix Marketcity, 14, Viman Nagar Rd, near Macdonalds, Clover Park, Viman Nagar, Pune, Maharashtra 411014, India"
GMaps,Aerofly Club,Hyderabad,,HOBBY_RC,GMaps cat: Hobby store | 4.8★ / 9 reviews,"5-3-78, Chandanwadi, Goshamahal, Nampally, Hyderabad, Telangana 500012, India"
GMaps,RC-Udayan,Pune,+91 98503 34353,HOBBY_RC,GMaps cat: Aeromodel shop | 3.8★ / 9 reviews,"8, Omkar Society, Opp. Rakshalekha Society, Dattawadi, Pune, Maharashtra 411030, India"
GMaps,21 RCDC,Mumbai,+91 96967 00021,HOBBY_RC,GMaps cat: Hobby store | 5★ / 8 reviews,"Room no. 1, Nirmal niwas, 17th, St John Baptist Rd, opp. Taj house, Mount Mary, Bandra West, Mumbai, Maharashtra 400050, India"
GMaps,kkrobotic India's online lithium battery manufacturers in mumbai india,Mumbai,+91 94279 88349,HOBBY_RC,GMaps cat: Hobby store | 4.3★ / 8 reviews,"E, Timber green park, Diamond Industrial Estate, Dahisar East, Mumbai, Maharashtra 400068, India"
GMaps,Model Makers India,Hyderabad,+91 93123 30080,HOBBY_RC,GMaps cat: Hobby store | 5★ / 8 reviews,"Srt- 203 Jawahar nagar ANDHRA CAFE HOTEL, near Hyderabad, RTC Cross Road, Telangana 500080, India"
GMaps,KINGS OF RC INDIA CLUB,Pune,+91 93733 59611,HOBBY_RC,GMaps cat: Hobby store | 3.9★ / 7 reviews,"Gayatri Ram housing society, Pune, Maharashtra 411006, India"
GMaps,El-Avion,Delhi,+91 98101 99014,HOBBY_RC,GMaps cat: Hobby store | 5★ / 5 reviews,"K66, Block K, Hauz Khas Enclave, Hauz Khas, New Delhi, Delhi 110016, India"
GMaps,Rctracks,Bengaluru,,HOBBY_RC,GMaps cat: Hobby store | 4.7★ / 3 reviews,"old no 127, new 10, Sonnamarappa Rd, Ramaswamipalya, Banaswadi, Bengaluru, Karnataka 560033, India"
GMaps,DIY Creatives,Mumbai,+91 80808 77388,HOBBY_RC,GMaps cat: Hobby store | 4.3★ / 3 reviews,"301, Divine Castle, Cross Road Number 4, Malad, Navy Colony, Liberty Garden, Malad West, Mumbai, Maharashtra 400064, India"
GMaps,Remote Control Car Dealers,Hyderabad,,HOBBY_RC,GMaps cat: Hobby store | 2.7★ / 3 reviews,"No 1, 45/1, Zamistanpur, Hyderabad, Telangana 500020, India"
GMaps,RC Craft Garage,Hyderabad,,HOBBY_RC,GMaps cat: Craft store | None★ / None reviews,"malikarjuna colony, Balaji Enclave, Madhu Enclave, Mallikarjuna Nagar, Old Bowenpally, Hyderabad, Secunderabad, Telangana 500011, India"
GMaps,Peninsula Hobby,Pune,,HOBBY_RC,GMaps cat: Hobby store | None★ / None reviews,"C2, 16, Satara Rd, Gururaj Society, Kothrud, Pune, Maharashtra 411038, India"
GMaps,Aeromodelling hobbies,Pune,+91 84838 38794,HOBBY_RC,GMaps cat: Aeromodel shop | None★ / None reviews,"GAGAN VIHAR, B2, Bibwewadi Kondhwa Rd, opp. meghdoot hotel, Gaganvihar, Gangadham Phase II, Ganga Dham, Pune, Maharashtra 411037, India"
GMaps,FATCAT COLLECTIBLES,Pune,+91 79722 12522,COLLECTIBLE,GMaps cat: Collectibles store | 4.8★ / 543 reviews,"A-1 Ground floor, Ashiana park, N Main Rd, opp. Lane Number 5, Liberty Phase 2, Ragvilas Society, Koregaon Park, Pune, Maharashtra 411001, India"
GMaps,"Nerd Arena - Collectibles, Merchandise, Action Figures, Apparel",Mumbai,+91 96191 14843,COLLECTIBLE,GMaps cat: Collectibles store | 4.4★ / 216 reviews,"Elco Arcade, Hill Rd, Bandra West, Mumbai, Maharashtra 400050, India"
GMaps,OGMini | Die Cast Collectibles Store | Gachibowli,Hyderabad,+91 86884 62189,COLLECTIBLE,GMaps cat: Collectibles store | 4.7★ / 191 reviews,"Shop No.2, 1st Floor, Preston Prime Mall, Lumbini Avenue, Gachibowli, Hyderabad, Telangana 500032, India"
GMaps,Diecast District India,Mumbai,+91 98210 45222,COLLECTIBLE,GMaps cat: Collectibles store | 5★ / 2 reviews,"Bandra West, Mumbai, Maharashtra 400050, India"
GMaps,Toys Gallery - Collectible Car Models & Kids Toys,Delhi,+91 88102 60166,COLLECTIBLE,GMaps cat: Toy store | 4.5★ / 2 reviews,"Street no-19, D-589, Dass Garden, Baprola Vihar, Nangli Vihar Extension, Najafgarh, New delhi, Delhi, 110043, India"
GMaps,Diecast Utopia,Mumbai,+91 90821 22379,COLLECTIBLE,GMaps cat: Collectibles store | None★ / None reviews,"Girijabai Patil CHS SRA, next to Aiswarya Heights, Sachin Housing Colony, Patil Nagar, LIC Housing Colony, Mulund East, Mumbai, Maharashtra 400081, India"
GMaps,164 Diecast India,Mumbai,,COLLECTIBLE,GMaps cat: Toy store | None★ / None reviews,"Mac Ronells Bungalow, beside Candies / Krome Studios / Mac Queens Banquets, 5AA, Pali Hill, Mumbai, Maharashtra 400050, India"
GMaps,DJI drone store,Delhi,+91 96437 44872,DRONE,GMaps cat: Drone shop | 4.9★ / 734 reviews,"Shop No 5, Second floor, 54, Shankar Rd, above cafe coffee day, Block 5, Old Rajinder Nagar, Rajinder Nagar, New Delhi, Delhi, 110060, India"
GMaps,Dji Drone Store,Pune,+91 96437 44872,DRONE,GMaps cat: Drone shop | 4.6★ / 335 reviews,"Sr No. 89 , Lane No 06, sada Laxmi Sadan, Dhayarkar Colony, Pingale Wasti, Koregaon Park Annexe, Tadigutta, Pune, Maharashtra 411036, India"
GMaps,Sumitra Enterprises,Delhi,+91 95554 04400,DRONE,GMaps cat: Drone shop | 4.8★ / 247 reviews,"Plot no-432 Main Road Sant Nagar, Ekta Society Wali Gali, Burari, Delhi, 110084, India"
GMaps,DJI Drone Store Official,Delhi,+91 99585 45782,DRONE,GMaps cat: Drone shop | 4.8★ / 217 reviews,"14-B/UA, Chowk, Block UA, Jawahar Nagar, Malka Ganj, Delhi, 110007, India"
GMaps,MIKROBOTIX - best drone in Hyderabad,Hyderabad,+91 85550 21685,DRONE,GMaps cat: Mapping service | 4.6★ / 69 reviews,"Kondapur, Silpa Park, Gachibowli, Hyderabad, Telangana 500084, India"
GMaps,Decibel Scale Models,Delhi,+91 95404 01404,MODEL,GMaps cat: Model train store | 4.4★ / 65 reviews,"shop no.3, F-1/158, opp. DDA market, Pocket 2, Sector 11, Rohini, Delhi, 110085, India"
GMaps,VSMODELS Miniatures,Hyderabad,+91 70136 38119,MODEL,GMaps cat: Model shop | 4.8★ / 19 reviews,"Shastri Nagar, Musheerabad, Zamistanpur, Ramnagar, Hyderabad, Telangana 500020, India"
GMaps,Aditya Miniatures and Models,Bengaluru,+91 96110 77015,MODEL,GMaps cat: Miniatures store | 4.7★ / 13 reviews,"5th Main Rd, Malleshpalya, Kaggadasapura, Bengaluru, Karnataka 560075, India"
GMaps,Creative Scale Models,Delhi,+91 99105 18188,MODEL,GMaps cat: Model shop | 4★ / 3 reviews,"T-3, 1st Floor, Pul Prahlad Pur, Mehrauli - Badarpur Rd, Block B, Badarpur, New Delhi, Delhi 110044, India"
GMaps,Models India,Hyderabad,,MODEL,GMaps cat: Miniatures store | 5★ / 1 reviews,"1, Rd Number 45, SBH Officers Colony, Mega Hills, Madhapur, Hyderabad, Telangana 500081, India"
GMaps,Cycle and Toy Market,Delhi,,TOY,GMaps cat: Wholesale market | 4.1★ / 7193 reviews,"Shop No-42, Cycle and Toys Market, Cycle Market, Block E 4, Jhandewalan Extension, Jhandewalan, New Delhi, Delhi 110055, India"
GMaps,Hamleys,Pune,+91 88799 69713,TOY,GMaps cat: Toy store | 4.4★ / 3965 reviews,"1st floor, Phoenix Market City, near karat line store, Clover Park, Viman Nagar, Pune, Maharashtra 411014, India"
GMaps,Hamleys- The finest toy shop in the world,Chennai,+91 44 6191 5099,TOY,GMaps cat: Toy store | 4.5★ / 3000 reviews,"Express Avenue Mall, S001, S101, Whites Rd, Royapettah, Chennai, Tamil Nadu 600014, India"
GMaps,RANGOON STORES,Chennai,+91 97103 97447,TOY,GMaps cat: Toy store | 4.6★ / 2852 reviews,"49, Prakasam Road, Muthialpet, George Town, Chennai, Tamil Nadu 600108, India"
GMaps,Hamleys- The finest toy shop in the world,Delhi,+91 11 4963 1157,TOY,GMaps cat: Toy store | 4.5★ / 2844 reviews,"Domestic Arrival, IGI Airport, DA/01, Baggage Belt Area, Terminal 3, near ITC Tower, Mahipalpur, New Delhi, Delhi 110037, India"
GMaps,Sigma Toys,Chennai,+91 90258 88899,TOY,GMaps cat: Toy store | 4.6★ / 2062 reviews,"1st floor, Giri complex, New No : 124, Audiappa Naicken St, Sowcarpet, George Town, Chennai, Tamil Nadu 600001, India"
GMaps,Hamleys,Mumbai,+91 97734 33177,TOY,GMaps cat: Toy store | 4.7★ / 1850 reviews,"Phoenix, Rakhangi Chowk, 462, High Street, Senapati Bapat Marg, near Phoenix Mills Compound, Lower Parel, Mumbai, Maharashtra 400013, India"
GMaps,Hamleys- The finest toy shop in the world,Mumbai,+91 88799 75172,TOY,GMaps cat: Toy store | 4.7★ / 1643 reviews,"2nd floor, Oberoi Mall, No S/13, Western Express Hwy, Yashodham, Goregaon East, Mumbai, Maharashtra 400063, India"
GMaps,"Goodluck Plastic Trading Company kids jeep, bike and car",Chennai,+91 94440 37330,TOY,GMaps cat: Toy store | 4.7★ / 1260 reviews,"18, Kasi Chetty Street, Parrys, George Town, Chennai, Tamil Nadu 600079, India"
GMaps,Ismail Stores,Chennai,+91 72997 48975,TOY,GMaps cat: Toy store | 4.2★ / 950 reviews,"53/1, Ponnappa Chetty St, Purasaiwakkam, Chennai, Tamil Nadu 600084, India"
GMaps,Maru Collection,Mumbai,+91 72728 84747,TOY,GMaps cat: Toy store | 4.5★ / 915 reviews,"Shop no.6, 7. Neelaamber, Mathuradas Road, Kandivali, Bhagat Colony, Kandivali West, Mumbai, Maharashtra 400067, India"
GMaps,Ramdev Toys & BABY WEAR,Bengaluru,+91 80 4371 4157,TOY,GMaps cat: Baby store | 3.8★ / 883 reviews,"15/16, Vignan Nagar Main Rd, post, New thippasandra, Bengaluru, Karnataka 560075, India"
GMaps,Hiba Kids Toy Car World wholesale,Chennai,+91 63694 95200,TOY,GMaps cat: Toy store | 4.8★ / 852 reviews,"99, Alagappa Rd, Purasaiwakkam, Chennai, Tamil Nadu 600084, India"
GMaps,Ambika Toys and More,Pune,+91 20 2445 2934,TOY,GMaps cat: Toy store | 3.8★ / 720 reviews,"471, Lokhande Talim Rd, Bhatancha Bol, Narayan Peth, Pune, Maharashtra 411030, India"
GMaps,Toy Mall,Pune,+91 72648 96110,TOY,GMaps cat: Children's store | 4★ / 713 reviews,"Toy Mall, Shri Ram Chowk, opposite Kharadi, Kharadi, Pune, Maharashtra 411015, India"
GMaps,Toy mania,Mumbai,+91 80974 76730,TOY,GMaps cat: Toy store | 4.7★ / 705 reviews,"Shashtri nagar, next to sujata stores, Mulund Colony, Mulund West, Mumbai, Maharashtra 400082, India"
GMaps,Bhavya Toys,Mumbai,,TOY,GMaps cat: Toy store | 4.2★ / 690 reviews,"2, Mahatma Gandhi Rd, opp. Datta Mandir, Motilal Nagar, Goregaon West, Mumbai, Maharashtra 400104, India"
GMaps,Tiny Toy Trunk - Toys and Stationery,Hyderabad,+91 87899 05610,TOY,GMaps cat: Toy store | 4.9★ / 686 reviews,"Pillar Number 140, Attapur Ring Road, Mushk Mahal, Hyderabad, Telangana 500030, India"
GMaps,JCVJ TOYS | kids ride on car|kids ride on toys | kids battery car repair |Kids Jeep| Kids Bike| Hoverboard| Dirt Bikes|ATV|,Delhi,+91 99539 55059,TOY,GMaps cat: Toy store | 5★ / 654 reviews,"Ground Floor, Metro Station, 31 -A, near Adarsh Nagar, Indira Nagar, Panchwathi, Azadpur, Delhi, 110033, India"
GMaps,Riddhi Toy,Mumbai,+91 80 6506 6013,TOY,GMaps cat: Toy store | 4.7★ / 626 reviews,"Shop No G -1 Plot No 14 Laxmi Niwas Jawahar Nagar S.V ROAD Goregaon, West, Goregaon West, Mumbai, Maharashtra 400104, India"
GMaps,Balaji Toy's,Chennai,+91 97911 25604,TOY,GMaps cat: Toy store | 4.5★ / 607 reviews,"Door No 2, Periya Naickaran Street, Sowcarpet, Chennai, Tamil Nadu 600001, India"
GMaps,Ram Chander & Sons Toy Store,Delhi,+91 11 4052 9344,TOY,GMaps cat: Toy store | 3.7★ / 542 reviews,"D-1, Odeon Building, Radial Rd 5, Connaught Place, New Delhi, Delhi 110001, India"
GMaps,Bhavani Toys and Gifts Pune,Pune,+91 98811 18056,TOY,GMaps cat: Wholesaler | 4.9★ / 517 reviews,"24, Bhau Maharaj Bol Rd, opposite Tulshibaug, Mandai, Shukrawar Peth, Pune, Maharashtra 411002, India"
GMaps,TOYS & KIDS PLANET - GK ENTERPRISES,Hyderabad,+91 40 4851 8137,TOY,GMaps cat: Toy store | 3.9★ / 510 reviews,"Shop No.1, 10-60/62, opp. Shopper's Stop, Old Patigadda, Chikoti Gardens, Begumpet, Hyderabad, Telangana 500016, India"
GMaps,Kiddi Villa,Delhi,+91 97117 60244,TOY,GMaps cat: Toy store | 4.5★ / 500 reviews,"Flat No. 1, Sector 2, Rohini, Rohini, Delhi 110085, India"
GMaps,DEEKSHITA MAANVI TOYS & BABY STORE toycar and bike service,Hyderabad,+91 83097 38993,TOY,GMaps cat: Toy store | 5★ / 498 reviews,"B148, 10, Green Park Colony Main Rd, Saroornagar, Green Park Colony, Saroor Nagar East, Hyderabad, Telangana 500035, India"
GMaps,Kidscars Warehouse,Pune,+91 90283 46579,TOY,GMaps cat: Toy store | 4.6★ / 478 reviews,"Warehouse no 2, Jagtap chowk, opposite Shinde chatri, Phase 1, Wanowrie, Pune, Maharashtra 411040, India"
GMaps,Toy Land,Pune,+91 99238 89963,TOY,GMaps cat: Toy store | 4.9★ / 454 reviews,"Wanowrie, Pune, Maharashtra 411040, India"
GMaps,Toy Market Jb Plaza,Delhi,,TOY,GMaps cat: Toy store | 3.9★ / 453 reviews,"Mithai Pul, Teliwara, Sadar Bazaar, New Delhi, Delhi, 110006, India"
GMaps,Hamleys- The finest toy shop in the world,Hyderabad,+91 77806 47941,TOY,GMaps cat: Toy store | 4.5★ / 446 reviews,"3rd Flr, DSL Mall, No TF03/04/05, B1/2, Uppal - Ramanthapur Rd, Uppal, Hyderabad, Telangana 500039, India"
GMaps,UV Toys,Hyderabad,+91 90429 46172,TOY,GMaps cat: Wholesaler | 4.9★ / 427 reviews,"cellar, shop no 4, RK PLAZA, 15-8-511, Siddiamber Bazar Rd, beside Aziz Plaza, opp. to maheswari novelties, Siddiamber Bazar, Begum Bazar, Feelkhana, Hyderabad, Telangana 500012, India"
GMaps,ZEE TOYS,Delhi,+91 98993 24495,TOY,GMaps cat: Toy store | 4.6★ / 411 reviews,"Ground Floor, Pandit Maha Singh Mkt, 2443, opposite Pahiye Wali Gali, Mithai Pul, Teliwara, Sadar Bazaar, Delhi, 110006, India"
GMaps,Entertainment Store,Pune,+91 91455 00202,TOY,GMaps cat: Toy store | 4.4★ / 406 reviews,"2nd Floor, phoniex market city, Unit number S, 36 c, Viman Nagar, Pune, Maharashtra 411014, India"
GMaps,"Maskeen Toys Pvt Ltd- Preschool Toys, Games and School Furniture Manufacturers",Delhi,+91 98116 44688,TOY,GMaps cat: Manufacturer | 4.8★ / 395 reviews,"SSJMD tower, 10/62, Block 10, Kirti Nagar Industrial Area, Kirti Nagar, New Delhi, Delhi, 110015, India"
GMaps,FUN RYDERZ kids rideons wholesale,Chennai,+91 72000 78688,TOY,GMaps cat: Toy store | 5★ / 394 reviews,"Fountain Plaza, No 97/345, Pantheon Rd, Egmore, Chennai, Tamil Nadu 600008, India"
GMaps,"Bhagwati Toy House- Car Toys, Bikes & Jeeps",Hyderabad,+91 91827 52150,TOY,GMaps cat: Toy store | 4.9★ / 378 reviews,"Backside Karachi Bakery, Metro Station Musarambagh, 16-11-310/12/C/1, Saleem Nagar Colony, Malakpet Extension, Malakpet, Hyderabad, Telangana 500036, India"
GMaps,FALAK TOYS ZONE,Mumbai,+91 92233 40493,TOY,GMaps cat: Toy store | 4.5★ / 372 reviews,"Shop No.40/A,Gr.Floor, Manish Market Gate, Palton Rd, Chhatrapati Shivaji Terminus Area, Fort, Mumbai, Maharashtra 400001, India"
GMaps,𝙹𝙳𝙱𝚃,Chennai,+91 96772 51204,TOY,GMaps cat: Toy store | 4.8★ / 372 reviews,"B Block, 8/180, Manali salai, M.G.R.NAGAR, Ezhil Nagar, Kodungaiyur, Chennai, Tamil Nadu 600118, India"
GMaps,World TOY Center - Toy Shop | Kharadi | Pune,Pune,+91 84848 48130,TOY,GMaps cat: Toy store | 4.8★ / 337 reviews,"Shop No. 01, PatilBuwa Nagar, &, Gera Commerzone IT Park Rd, near EON PDEA School, Zensar Technologies Campus, Rakshak Nagar, Kharadi, Pune, Maharashtra 411014, India"
GMaps,Toy Stories Pune,Pune,+91 91729 53313,TOY,GMaps cat: Toy store | 5★ / 315 reviews,"Shop No 18,Twin Tower phase 2,Jambhulkar Chowk, Mathew Mansion Rd, Phase 2, Jagtap Nagar, Wanwadi, Pune, Maharashtra 411040, India"
GMaps,Lovely babies,Hyderabad,+91 90599 74454,TOY,GMaps cat: Toy store | 4★ / 310 reviews,"5/8, 1st Flore, Lig, JNTU Rd, Kukatpally Housing Board Colony, K P H B Phase 3, Kukatpally, Hyderabad, Telangana 500072, India"
GMaps,Jaiman Toys,Delhi,+91 98997 47688,TOY,GMaps cat: Toy store | 4.4★ / 280 reviews,"Sri Aurobindo Marg, near hauz khas, Hauz Khas Market, Block C 2, Hauz has, Green Park, New Delhi, Delhi 110016, India"
GMaps,Euphoria By Kheliya,Pune,+91 90217 52297,TOY,GMaps cat: Toy store | 4.2★ / 275 reviews,"IRIZ Tower, Baner - Pashan Link Rd, near HDFC Bank, Pashan, Pune, Maharashtra 411021, India"
GMaps,PREM RATNA TOYS,Mumbai,+91 80801 91994,TOY,GMaps cat: Toy manufacturer | 4.6★ / 274 reviews,"Harichand Compound, 11, Lal Bahadur Shastri Marg, near Godrej Petrol Pump, Godrej & Boyce Industry Estate, Vikhroli West, Mumbai, Maharashtra 400079, India"
GMaps,TOYPLACE,Hyderabad,+91 78427 28666,TOY,GMaps cat: Toy store | 4.8★ / 273 reviews,"First Floor, Plot No 10, JJ Nagar, Malkajgiri, Neredmet, Hyderabad, Telangana 500094, India"
GMaps,Pick Best Toys,Delhi,+91 96540 09915,TOY,GMaps cat: Toy store | 4.9★ / 269 reviews,"D 135, Dhobi Ghat Gali, near vivek vihar police station, Block D, Jhilmil Colony, Delhi, 110095, India"
GMaps,Amrik Singh & Sons - Toys and Return Gift wholesale Shop in Sadar Bazar,Delhi,+91 99998 66668,TOY,GMaps cat: Toy store | 4.1★ / 264 reviews,"263 2nd Floor, Towel Market, Post Office St, Sadar Bazaar, New Delhi, Delhi 110006, India"
GMaps,Kidsfly,Hyderabad,+91 78158 10281,TOY,GMaps cat: Toy store | 4.8★ / 261 reviews,"Savithri Malliah Arcade, 12-8-422/3, near Metro Pillar No: 1117, Phase 1, Alugaddabavi, Mettuguda, Hyderabad, Secunderabad, Telangana 500017, India"
GMaps,Eduneeds,Pune,+91 90110 45441,TOY,GMaps cat: Toy store | 4.3★ / 255 reviews,"Shiv Darshan Rd, Walvekar Nagar, Parvati Paytha, Pune, Maharashtra 411009, India"
GMaps,Commodities Hometown And Co(JOYTOY),Chennai,+91 98403 86037,TOY,GMaps cat: Toy store | 4.9★ / 249 reviews,"Bharathi salai, 3, Oil Monger St, Streer, Triplicane, Chennai, Tamil Nadu 600005, India"
GMaps,Mohit toys villa,Hyderabad,+91 98495 00685,TOY,GMaps cat: Toy store | 4★ / 248 reviews,"Sri K.C Niwas, 15-8-312, near mansingh hotel, Feelkhana, Hyderabad, Telangana 500012, India"
GMaps,"Toy World - Toy Shop, Kharadi",Pune,+91 95035 61352,TOY,GMaps cat: Toy store | 4.3★ / 248 reviews,"Shop No. 105, Gera Imperium Alpha, opp. Gera Commerzone, Vitthal Nagar, Kharadi, Pune, Maharashtra 411014, India"
GMaps,House of Toys,Mumbai,+91 81049 95709,TOY,GMaps cat: Toy store | 4.8★ / 240 reviews,"Shop No 7, Shree Vallabh, Mathuradas Road, next to param gold, opp. lijat papad Kandivali, Kandivali, Bhagat Colony, W, Mumbai, Maharashtra 400067, India"
GMaps,"Gomani Rideon Toys | kids battery cars, jeep and bikes, Dirt bike and petrol bike.",Delhi,+91 84471 96201,TOY,GMaps cat: Toy store | 4.7★ / 237 reviews,"D-block, street no. 11, Rajendra Park Extension, Nangloi Extension, Nangloi, New Delhi, Delhi, 110041, India"
GMaps,Tanishka Gifts & Toys,Pune,+91 87660 71606,TOY,GMaps cat: Novelty store | 4.1★ / 227 reviews,"Bohri Ali, 350, opp. Laxminarayan Market, Kapad Ganj, Rameshwar Chouk, Raviwar Peth, Pune, Maharashtra 411002, India"
GMaps,Fun Drive,Chennai,+91 82707 54926,TOY,GMaps cat: Toy store | 4.9★ / 226 reviews,"21 / 14, Palani Andavar Koil St, Chintadripet, Chennai, Tamil Nadu 600002, India"
GMaps,TOY FORT,Delhi,+91 87440 55175,TOY,GMaps cat: Toy store | 4.5★ / 224 reviews,"E- 99, Block G, Kamla Nagar, Delhi, 110007, India"
GMaps,Toyswale,Hyderabad,+91 98853 06130,TOY,GMaps cat: Toy store | 4.9★ / 222 reviews,"metro pillar no C1440, Street no.10, Anna Dorai St, near polimeras, Swathi Avenue, Ameerpet, Hyderabad, Telangana 500016, India"
GMaps,Laxmi Sports & Toys,Mumbai,+91 92217 09038,TOY,GMaps cat: Toy store | 4.2★ / 217 reviews,"Shop No. 5, Sheetal appartment, Ajanta talkies lane, LT Rd, Sundar Nagar, Borivali West, Mumbai, Maharashtra 400092, India"
GMaps,Universal Wooden Toys - Manufacture & Wholesaler of Wooden Toys,Mumbai,+91 90824 30744,TOY,GMaps cat: Toy manufacturer | 5★ / 213 reviews,"21, A Wing, SUMUKH HILLS, Western Urban Rd, near Akurli Metro Station, off to, Kandivali, Akurli Nagar, Kandivali East, Mumbai, Maharashtra 400101, India"
GMaps,Toy Station,Pune,+91 93711 79101,TOY,GMaps cat: Toy store | 4.1★ / 211 reviews,"Laxmi Rd, near Hujurpagga high school, Kunte Chowk, Pune, Maharashtra 411030, India"
GMaps,Karz and dolls,Delhi,+91 75319 42529,TOY,GMaps cat: Toy store | 4.5★ / 210 reviews,"313, main road, dhakka village, Kingsway Camp, Delhi, 110033, India"
GMaps,Toy house 4,Pune,+91 98233 51102,TOY,GMaps cat: Toy store | 4.9★ / 193 reviews,"8, Veerbhadra Nagar Rd, Veerbhadra Nagar, Baner, Pune, Maharashtra 411045, India"
GMaps,ADILAKSHMI TOYS,Hyderabad,+91 91105 76734,TOY,GMaps cat: Toy store | 4.8★ / 192 reviews,"A/G10, SV Classic Apartments, 1-7-111, Chaitanyapuri Main Rd, Prabhat Nagar Colony, Dilsukhnagar, Hyderabad, Telangana 500060, India"
GMaps,Hamleys- The finest toy shop in the world,Pune,+91 77966 42585,TOY,GMaps cat: Toy store | 4.8★ / 189 reviews,"2nd Floor, Unit No 201 to 203, Koregaon Rd, Koregaon Park Annexe, Ghorpadi, Pune, Maharashtra 411001, India"
GMaps,Superhero Toy Store,Mumbai,+91 73040 20923,TOY,GMaps cat: Collectibles store | 4.1★ / 182 reviews,"Gala No 136, Building No 5, B Wing Mittal Industrial Estate, Andheri - Kurla Rd, Andheri East, Mumbai, Maharashtra 400059, India"
GMaps,Kid's Hot Wheel Toy Car On Rental,Mumbai,+91 91675 65675,TOY,GMaps cat: Toy store | 4.9★ / 181 reviews,"Shanti Vihar, Gaurav Heights, Shanti vihar Leena, Swami Vivekanand Rd, Kandivali, Mumbai, Maharashtra 400067, India"
GMaps,Roma Toys,Mumbai,+91 79788 23397,TOY,GMaps cat: Toy store | 3.8★ / 179 reviews,"Shop Number 2/2A, Floor G-1 Plot-217/219, 217 Patel Building, Sheriff Devji St, Chakla, Market,Mandavi, Masjid, Mumbai, Maharashtra 400003, India"
GMaps,PLAYMASTER TOYS BY HITESH NAGPAL,Delhi,+91 99995 90959,TOY,GMaps cat: Toy store | 4.6★ / 175 reviews,"SHOP NO. 34B, Cycle Market, Block E 4, Jhandewalan Extension, Jhandewalan, New Delhi, Delhi 110055, India"
GMaps,iNoor International Toys LLP,Mumbai,+91 99874 77867,TOY,GMaps cat: Toy store | 4.2★ / 158 reviews,"95/97, Sarang St, Near Crawford Market, Lohar Chawl, Kalbadevi, Mumbai, Maharashtra 400003, India"
GMaps,Koshish Toy Store And Library,Pune,+91 98705 00331,TOY,GMaps cat: Toy library | 4.5★ / 147 reviews,"Shop No. 4, Sunshine Avenue Apartment, nr. Datta Mandir Chowk, Clover Park, Viman Nagar, Pune, Maharashtra 411014, India"
GMaps,P. R. Motors deals in kids battery cars and bikes.,Delhi,+91 98180 82669,TOY,GMaps cat: Toy store | 4.2★ / 146 reviews,"Gol Chakkar, D-6/17, Main Market, Rana Pratap Bagh, Ashok Vihar, Delhi, 110007, India"
GMaps,TOYTOPIAA,Pune,+91 82081 25775,TOY,GMaps cat: Toy store | 4.9★ / 146 reviews,"Shop No. 3, Chordiya Corner, Gangadham - Shatrunjay Rd, Arihant Society, Kondhwa Budruk, Pune, Maharashtra 411048, India"
GMaps,Reliable Traders- RELITOYS,Chennai,+91 75502 42600,TOY,GMaps cat: Toy store | 4.6★ / 145 reviews,"17, Kasi Chetty Street, Sowcarpet, George Town, Chennai, Tamil Nadu 600001, India"
GMaps,HESVIKA HANDICRAFTS కొండపల్లి బొమ్మలు ( MAHIPAL ),Hyderabad,+91 93909 91131,TOY,GMaps cat: Toy store | 4.8★ / 145 reviews,"Rajkamal sweets building, Old, ECIL Cross Roads, near Round Building, beside midhunam tiffins, Kamala Nagar, Kamalanagar, Moula Ali, Hyderabad, Secunderabad, Telangana 500062, India"
GMaps,Maya Toys,Delhi,+91 98180 13877,TOY,GMaps cat: Toy store | 4.1★ / 141 reviews,"Shop number 11 Aurobindo place, market, Hauz Khas Rd, New Delhi, Delhi 110016, India"
GMaps,STAND UP KIDS,Mumbai,+91 98201 07078,TOY,GMaps cat: Toy store | 4.8★ / 132 reviews,"Shop no 4, Prem Nagar Legacy, Pandit Jawaharlal Nehru Rd, near Dhanlaxmi Vada Pav, Mulund West, Mumbai, Maharashtra 400080, India"
GMaps,RIDEON toys chennai wholesale toy car bike jeep battery operated,Chennai,+91 88387 99880,TOY,GMaps cat: Toy store | 4★ / 129 reviews,"2, 29, Ponappa St, Pennagaram, Purasaiwakkam, Chennai, Tamil Nadu 600084, India"
GMaps,Hamleys - The finest toy shop in the world,Mumbai,+91 22 6808 6971,TOY,GMaps cat: Toy store | 4.9★ / 128 reviews,"3rd Floor, SKY CITY, Unit No T/08A, T/08B, Mall, Borivali East, Mumbai, Maharashtra 400066, India"
GMaps,LÄTT LIV,Hyderabad,+91 91103 99207,TOY,GMaps cat: Toy store | 4.8★ / 124 reviews,"Ground Floor, Mantra mall, beside McDonald's, Royal Colony, Rambagh Colony, Hyderabad, Telangana 500048, India"
GMaps,"SmartCraft - Buy Toys and Games for Kids, Gifts for Boys and Girls",Bengaluru,+91 91084 21222,TOY,GMaps cat: Toy store | 4.8★ / 123 reviews,"Apt, 22/1, 1st Main Rd, opp. to Krishna Haven, Doddaiah Layout, Raghavendra Nagar, Horamavu, Bengaluru, Karnataka 560016, India"
GMaps,Bad Habits Store in Hyderabad (SR Nagar),Hyderabad,+91 90565 96979,TOY,GMaps cat: Toy store | 4★ / 121 reviews,"59, opp. pomlimera's, Vengal Rao Nagar, Sunder Nagar, Hyderabad, Telangana 500038, India"
GMaps,Srikanth toys repair and Services,Hyderabad,+91 98667 47244,TOY,GMaps cat: Toy store | 4.5★ / 121 reviews,"door no :13-3-158 Victoria Vihar Apartment near KFC Himayatnagar, Hyderabad, Telangana 500029, India"
GMaps,Automania,Mumbai,+91 99874 17000,TOY,GMaps cat: Toy store | 4.5★ / 120 reviews,"Shop No. 8, Prabhavinayak, New Prabhadevi Road, Prabhadevi, Mumbai, Maharashtra 400025, India"
GMaps,RAJU TOYS,Delhi,+91 82870 55521,TOY,GMaps cat: Toy store | 4.8★ / 118 reviews,"2nd Floor, 188, 6, Teliwara, Sadar Bazaar, New Delhi, Delhi, 110006, India"
GMaps,Samruddhi toys shopee,Pune,+91 20 4151 6942,TOY,GMaps cat: Toy store | 4.8★ / 118 reviews,"GX22+7R4, Manjri Rd, Opposite Swaraj Biryani, Subhash Nagar, Madhave Nagar, Hadapsar, Pune, Maharashtra 411028, India"
GMaps,Toy Park Delhi Private Limited,Delhi,+91 80 4605 2967,TOY,GMaps cat: Toy store | 3.6★ / 116 reviews,"No. 17A/56 99, near Metro Pillar 98, Block 7, Block 10, WEA, Karol Bagh, New Delhi, Delhi, 110005, India"
GMaps,Shankar Toys,Chennai,+91 98401 25073,TOY,GMaps cat: Wholesaler | 4.9★ / 112 reviews,"2nd floor, 51/52, Bunder Street, George Town, Chennai, Tamil Nadu 600001, India"
GMaps,Bacchon ki Duniya,Mumbai,+91 99203 59606,TOY,GMaps cat: Toy store | 4.8★ / 110 reviews,"3rd floor, Ajanta Square, 301A/301B, LT Rd, below ajanta theatre, Sundar Nagar, Borivali West, Mumbai, Maharashtra 400092, India"
GMaps,Savi collection,Delhi,+91 87000 76806,TOY,GMaps cat: Toy store | 4.5★ / 108 reviews,"Gali no 17 Shop no 146, Mangol pur kalan, Pocket 4, Sector 2, Rohini, Delhi, 110085, India"
GMaps,Cocoland Toys| Mumbai,Mumbai,+91 87790 52255,TOY,GMaps cat: Toy store | 4.4★ / 103 reviews,"Shop No - 288, 2290, Mahatma Gandhi Rd, near Datta Mandir, Motilal Nagar II, Goregaon West, Mumbai, Maharashtra 400104, India"
GMaps,Pavan Toy World,Hyderabad,+91 93923 36863,TOY,GMaps cat: Toy store | 4.8★ / 103 reviews,"2nd floor, Pavan Toy World, Mahaveer plaza, 15-8-52, Old Feelkhana, Begum Bazar, Feelkhana, Hyderabad, Telangana 500012, India"
GMaps,Toys Corner,Pune,+91 99706 76887,TOY,GMaps cat: Toy store | 4.7★ / 103 reviews,"Mule Chamber, Shagun Chowk, Laxmi Rd, below Mcdonalds, Narayan Peth, Pune, Maharashtra 411030, India"
GMaps,Ramkia-Toys Wholesaler,Pune,+91 82080 70121,TOY,GMaps cat: Wholesaler | 4.8★ / 97 reviews,"Sr. No. 634, govind halwai chowk, opposite Kakde Gold Plaza Chowk, near Ranka Jewellers, Kapad Ganj, Raviwar Peth, Pune, Maharashtra 411002, India"
GMaps,Camp Toy Store Pune,Pune,+91 72192 47527,TOY,GMaps cat: Toy store | 4.4★ / 96 reviews,"Tayabia Orphanage Building 2410/2, East Street, G.T, Road, Pune, Maharashtra 411001, India"
GMaps,"Guru Krupa Nx - Exclusive Gift Shop, Best Toy Store & Luxury Perfumes Boutique; Valentines Gifting",Mumbai,+91 98196 31390,TOY,GMaps cat: Gift shop | 4.6★ / 92 reviews,"Shop No.11&12, Building No.5, Matruchhaya CHS, 5, Sainath Mandir Chowk, opp. Universal School, Chembur West, Tilak Nagar, Chembur, Mumbai, Maharashtra 400089, India"
GMaps,United Agencies Distributors LLP - UATOYS,Delhi,+91 99998 59994,TOY,GMaps cat: Wholesaler | 4.8★ / 92 reviews,"Plot 81, opposite Jahangirpuri Metro station, Block D, Rajasthan Udyog Nagar, Jahangirpuri, Delhi, 110033, India"
GMaps,THE TOY STUDIO -We Delivered Smile😊,Pune,+91 98340 89268,TOY,GMaps cat: Toy store | 4.7★ / 92 reviews,"Shop No 3, Bakori Phata, near THE LEXICON INTERNATIONAL SCHOOL, Wagholi, Pune, Maharashtra 412207, India"
GMaps,Funskool,Mumbai,+91 97698 60958,TOY,GMaps cat: Toy store | 4.3★ / 91 reviews,"111, August Kranti Rd, Kemps Corner, Malabar Hill, Mumbai, Maharashtra 400026, India"
GMaps,Kumar Toys Corporation Wholesaler Distributor,Mumbai,+91 80974 70665,TOY,GMaps cat: Toy store | 4.8★ / 89 reviews,"150, KAZISAIYAD STREET, Mandvi Koliwada, Koliwada, Masjid Bandar West, Masjid Bandar, Mumbai, Maharashtra 400003, India"
GMaps,Kheliya Toys,Pune,+91 70207 41165,TOY,GMaps cat: Toy store | 4★ / 89 reviews,"Shop no 10, Prospero, society, Gera Commerzone IT Park Rd, near MOUNT N GLORY, Tulaja Bhawani Nagar, Kharadi, Pune, Maharashtra 411014, India"
GMaps,Harish Plus,Mumbai,+91 88793 55485,TOY,GMaps cat: Toy store | 3.9★ / 87 reviews,"Lokhandwala Complex Market, RNA ARCADE SHOP No S/62 KRYSTAL KRYSTAL AVENUE CHS LTD, CORNER, Main Rd, near 4th Cross Road, Lokhandwala Complex, Andheri West, Mumbai, Maharashtra 400053, India"
GMaps,Kinder Toys,Mumbai,+91 93219 91922,TOY,GMaps cat: Toy store | 4.7★ / 86 reviews,"Ali Husen Chawl, 2, Maruti Mandir Rd, behind BADWAIK HOSPITAL, Kukreja, Govind Nagar, Bhandup West, Mumbai, Maharashtra 400078, India"
GMaps,Toy car repair,Hyderabad,+91 73300 92616,TOY,GMaps cat: Toy manufacturer | 4.9★ / 86 reviews,"RK Puram, Snehapuri Colony, Kothapet, Hyderabad, Telangana 500102, India"
GMaps,The Collectors World,Delhi,+91 99990 09948,TOY,GMaps cat: Toy store | 5★ / 85 reviews,"Block UP, Poorvi Pitampura, Pitampura, New Delhi, Delhi, 110034, India"
GMaps,Happy Kidz Toys,Pune,+91 72762 20338,TOY,GMaps cat: Toy store | 4.9★ / 84 reviews,"Gangadham - Shatrunjay Rd, near Shreeji banquet and Lawns, Shivraj Nagar, Bibwewadi, Pune, Maharashtra 411037, India"
GMaps,IT VIJAY TOY SHOP,Chennai,+91 98848 80201,TOY,GMaps cat: Toy store | 5★ / 81 reviews,"Lloyd's Road, No. 375, Shop No. 7, Prince Panna Apartments Saalai (Lloyd's Road, Avvai Shanmugham Salai, Triplicane, Chennai, Tamil Nadu 600005, India"
GMaps,SRI NBS TOY HOUSE,Chennai,+91 44 2538 3103,TOY,GMaps cat: Toy store | 3.9★ / 78 reviews,"1st floor, 110, Varadha Muthiyappan St, Sowcarpet, George Town, Chennai, Tamil Nadu 600001, India"
GMaps,Mini Marvels,Hyderabad,+91 77806 00196,TOY,GMaps cat: Toy store | 4.9★ / 78 reviews,"Shop no. 4, Jayachandra Enclave, 6-1-107/1-2, Abhinav Colony, Walker Town, Padmarao Nagar, Secunderabad, Hyderabad, Telangana 500020, India"
GMaps,Khilona Ghar – One-Stop Toy Shop in Kondapur,Hyderabad,+91 96246 33768,TOY,GMaps cat: Toy store | 4.8★ / 78 reviews,"Raja Rajarajeshwari Nagar, F No - 343, opposite Santosh Dhaba, Park Avenue Colony, Raja Rajeshwara Nagar, Kondapur, Hyderabad, Telangana 500084, India"
GMaps,KIDS WORLD,Pune,+91 72762 60066,TOY,GMaps cat: Toy store | 4.8★ / 78 reviews,"Plot No 53/2-B, Vikrant Appartment, Sant Nagar, Aranyeshwar, Shiv Darshan Rd, near Treasure, Pune, Maharashtra 411009, India"
GMaps,Gift Palace - The complete Toy Store,Delhi,+91 93117 71750,TOY,GMaps cat: Toy store | 4.1★ / 77 reviews,"52-B, Khan Market, New Delhi, Delhi 110003, India"
GMaps,diamond toys and gifts,Mumbai,+91 98330 02186,TOY,GMaps cat: Toy store | 4.3★ / 74 reviews,"Shop no.3, Express Tower, LT Rd, opp. Diamond talkies, near radha Krishna restaurant, Gyan Nagar, Mhatre Wadi, Borivali West, Mumbai, Maharashtra 400092, India"
GMaps,TOYS & SPORTS CORNER,Delhi,+91 98103 28685,TOY,GMaps cat: Toy store | 4.3★ / 73 reviews,"32, CENTRAL MARKET, SAFDARJUNG ENCLAVE, near Green Fields School, New Delhi, Delhi 110029, India"
GMaps,Knick Knack - Toy Shop,Delhi,+91 99535 06468,TOY,GMaps cat: Toy store | 4.2★ / 72 reviews,"04, GF, Pacific Mall NSP, New Delhi, Delhi 110034, India"
GMaps,"SLN First Toys Battery operated Cars , Jeeps , Bikes ...(wholesale & Retaile)",Hyderabad,+91 99896 48742,TOY,GMaps cat: Toy store | 4.9★ / 71 reviews,"1st Floor, 4-97, near Gem Motors, beside More Super Market, Kondapur, Raghavendra Colony, Gachibowli, Hyderabad, Telangana 500084, India"
GMaps,The Dream Store,Delhi,+91 76786 13418,TOY,GMaps cat: Toy store | 4.7★ / 69 reviews,"Chaudhary Kishan Chand Complex, Shopping Complex, 4B/1, Jwala Heri Main Rd, Market, Paschim Vihar, New Delhi, Delhi, 110063, India"
GMaps,Toy Planet,Pune,,TOY,GMaps cat: Toy store | 4.5★ / 69 reviews,"Shop no 9, Sun Shine Court, opposite HDFC Bank, Kalyani Nagar, Pune, Maharashtra 411006, India"
GMaps,SR TOYS,Delhi,+91 96541 41116,TOY,GMaps cat: Toy store | 4.9★ / 68 reviews,"pan mandi, 1048, Chandni Chowk Rd, Narain Market, Sadar Bazaar, Delhi, 110006, India"
GMaps,Toy Villa,Delhi,+91 99991 07002,TOY,GMaps cat: Toy store | 4.6★ / 67 reviews,"Stall no 13, Market, Block C, Moti Bagh South Market, South Moti Bagh, New Delhi, Delhi 110021, India"
GMaps,Nice Collection,Mumbai,+91 98199 22756,TOY,GMaps cat: Toy store | 4.4★ / 66 reviews,"Shop No. - 11/12, Anant Apartments, Anant Apartment, Kandivali, Nabard Nagar, Thakur Complex, Kandivali East, Mumbai, Maharashtra 400101, India"
GMaps,JOYBOX GIFTS & TOYS,Mumbai,,TOY,GMaps cat: Gift shop | 4.9★ / 66 reviews,"Shop No. 9, Kalyan Apartment, BJ Patel Rd, opposite SBI, Malad, Kanchpada, Malad West, Mumbai, Maharashtra 400095, India"
GMaps,Big Tom,Mumbai,+91 98200 85862,TOY,GMaps cat: Toy store | 4.5★ / 66 reviews,"59/A, Wodehouse Rd, opposite Charag Din Stores, Colaba, Mumbai, Maharashtra 400005, India"
GMaps,Anas Souq,Mumbai,+91 72082 04541,TOY,GMaps cat: Toy store | 2.9★ / 63 reviews,"84, 670, Off, New Link Rd, Motilal Nagar III, Goregaon West, Mumbai, Maharashtra 400104, India"
GMaps,Toys World,Pune,+91 94033 53527,TOY,GMaps cat: Toy store | 4.3★ / 61 reviews,"Lake Town Rd, Kapil Upvan, Chaitraban, Mahalaxmi Nagar, Bibwewadi, Pune, Maharashtra 411037, India"
GMaps,Geeta Toys,Delhi,+91 98118 65025,TOY,GMaps cat: Toy store | 4.5★ / 60 reviews,"Fire Station, 73 Number Second Floor, Qutab Rd, Teliwara, Sadar Bazaar, New Delhi, Delhi 110006, India"
GMaps,Hungry Brain,Mumbai,+91 88797 57536,TOY,GMaps cat: Toy store | 4.6★ / 59 reviews,"3rd Mamlatdarwadi, Ajugia House, opp. Kadiawadi, near Jain Temple, Malad, Compund, Malad West, Mumbai, Maharashtra 400064, India"
GMaps,Canara Toys,Mumbai,+91 77159 26534,TOY,GMaps cat: Toy store | 4.7★ / 59 reviews,"352, Abdul Rehman St, Lohar Chawl, Kalbadevi, Mumbai, Maharashtra 400003, India"
GMaps,The dream toyz,Delhi,+91 80080 07003,TOY,GMaps cat: Car dealer | 4★ / 59 reviews,"B31, opp. petrol pump shell, Block B, Vishal Enclave, Rajouri Garden, New Delhi, Delhi, 110027, India"
GMaps,Mahadev Toys and Gifts,Bengaluru,,TOY,GMaps cat: Toy store | 4.5★ / 58 reviews,"sapthagiri complex Viginan, 60/4, 13th Cross Rd, near poorvika mobiles, beside Ramdev hi-fashion, Vignan Nagar, Doddanekkundi, Bengaluru, Karnataka 560075, India"
GMaps,SB Toys Chennai,Chennai,+91 99527 90907,TOY,GMaps cat: Toy store | 5★ / 58 reviews,"Dr.L.M.Medical Centre, 30/108, Gowdiamutt Rd, Ganapathy Colony, Royapettah, Chennai, Tamil Nadu 600014, India"
GMaps,Smart Toy Villa,Pune,+91 97627 17172,TOY,GMaps cat: Toy store | 4.7★ / 58 reviews,"GR45+M4X, Gujrat Colony, Kothrud, Pune, Maharashtra 411038, India"
GMaps,Brainbox Games,Pune,+91 79775 19001,TOY,GMaps cat: Toy store | 4.4★ / 58 reviews,"Shop 52, Brahma Majestic, NIBM Rd, near 16 no ki chai, opp. Span Star kids, NIBM Undri Road, Kausar Baugh, Kondhwa, Pune, Maharashtra 411048, India"
GMaps,JB MARKETING Toys ( WHOSALE N RETAIL ),Bengaluru,+91 96580 50060,TOY,GMaps cat: Toy store | 4.9★ / 57 reviews,"VIJININAPURA extn, police station, post, near Ramamurthy nagar, Dooravani Nagar, Bengaluru, Karnataka 560016, India"
GMaps,Sky Toys,Mumbai,+91 90291 48612,TOY,GMaps cat: Toy store | 4.9★ / 57 reviews,"Shop No F5, Yara Market, Radio Bakery, Musafir Khana Rd, Chhatrapati Shivaji Terminus Area, Masjid, Mumbai, Maharashtra 400001, India"
GMaps,"R G Toys & Novelties - Best Toys and Fancy Stationery Wholesale & Retail Shop in Sadar Bazar , Delhi",Delhi,+91 98919 49414,TOY,GMaps cat: Toy store | 4.5★ / 57 reviews,"1st Floor, PO Street Towel Market, 291-293, Narain Market, Sadar Bazaar, Delhi, 110006, India"
GMaps,THE KIDDIE KART,Pune,+91 95033 22100,TOY,GMaps cat: Toy store | 4.9★ / 55 reviews,"Shop no 8, Sai Complex, 9 & 10, Renuka Park Rd, near Hotel Mapple, Sai Satyam Park, Wagholi, Pune, Maharashtra 412207, India"
GMaps,SK TOYS & TREATS,Delhi,+91 11 4752 3613,TOY,GMaps cat: Toy store | 3.9★ / 54 reviews,"Cycle Market, 100 A, Block E 4, Jhandewalan Extension, Jhandewalan, Delhi, New Delhi, Delhi 110055, India"
GMaps,V.S.TRADING COMPANY,Chennai,+91 72000 67860,TOY,GMaps cat: Toy store | 4.9★ / 52 reviews,"16, Sadayappan Street, Seven Wells St, Chennai, Tamil Nadu 600001, India"
GMaps,Love Kush Gallery,Delhi,+91 84477 77606,TOY,GMaps cat: Toy store | 4.9★ / 50 reviews,"Shop No 22, Block GH 13, GH 13, DDA Market, Paschim Vihar, New Delhi, Delhi, 110087, India"
GMaps,"RK First Toys- Ride on Cars, Jeeps in Hyderabad",Hyderabad,+91 80085 99340,TOY,GMaps cat: Toy store | 4.4★ / 50 reviews,"Pillar No: C1726, Landmark- Ambika Stationery, H. No. 1-74, beside MI Home, Phase 2, Kavuri Hills, Madhapur, Hyderabad, Telangana 500081, India"
GMaps,Suman Cycle And Kids Zone,Hyderabad,+91 80192 07406,TOY,GMaps cat: Toy store | 4.7★ / 49 reviews,"ShopNo4 1stFloor, Hyd, Swamy Solitaire, Rajarajeshwari Nagar Colony, Udaynagar Colony, Tulasi Nagar, Sanath Nagar, Hyderabad, Telangana 500018, India"
GMaps,SINGH SAHAB TOYS,Delhi,+91 98110 88947,TOY,GMaps cat: Toy store | 4.8★ / 48 reviews,"263,second floor, towel marker, opposite pan mandi madzid, Narain Market, Sadar Bazaar, New Delhi, Delhi, 110006, India"
GMaps,StarToys,Chennai,+91 99412 58080,TOY,GMaps cat: Toy store | 4.7★ / 47 reviews,"Korukkupet Railway Station, 37, Thiyagappa Chetty St, near Chennai, Meenambal Nagar, Korukkupet, Old Washermanpet, Chennai, Tamil Nadu 600021, India"
GMaps,Toys & Babies Store,Hyderabad,+91 99493 08873,TOY,GMaps cat: Toy store | 4.2★ / 47 reviews,"Shop No. 10, 1-80/1/11&12, Sri Raghavendra Nagar Colony, Jyothi Nagar, Kharmanghat, Hyderabad, Telangana 500079, India"
GMaps,Wonderkids Edutainment,Mumbai,+91 88988 10999,TOY,GMaps cat: Toy store | 4.6★ / 45 reviews,"Gala No.7, Patil Compound, Rd, near K-Divine Banquets, near BOM-KARTING, Eksar Village, Eksar, Borivali West, Mumbai, Maharashtra 400091, India"
GMaps,Smart Kids,Mumbai,+91 89766 01608,TOY,GMaps cat: Toy store | 3.8★ / 44 reviews,"Shop No. 1 & 2, Pratistha Building, Station Road & L.T. Road, Mulund East, Mumbai, Maharashtra 400081, India"
GMaps,PINK COLLECTION NX,Mumbai,+91 76661 84050,TOY,GMaps cat: Toy store | 4.7★ / 43 reviews,"Shop No Bldg, 1 28, Dattani Park Rd, Kandivali, Dattani Park, Thakur Village, Kandivali East, Mumbai, Maharashtra 400101, India"
GMaps,A one Toys & Gifts,Delhi,+91 98183 04498,TOY,GMaps cat: Toy store | 5★ / 43 reviews,"Kailash Colony Market, HS-2/3, sector 4, Greater Kailash, New Delhi, Delhi 110048, India"
GMaps,Sangeetha Toyz,Chennai,+91 98942 12923,TOY,GMaps cat: Wholesaler | 4.1★ / 42 reviews,"30, Rattan Bazaar Rd, Rattan Bazaar, George Town, Chennai, Tamil Nadu 600003, India"
GMaps,CHHABRA TRADERS - TOY SHOP AND GIFT SHOP/CHHABRA ENTERPRISES-BAG HOUSE),Delhi,+91 99997 65179,TOY,GMaps cat: Toy store | 4.9★ / 41 reviews,"Chhabra Complex, D-66/A, opposite canara bank, Munirka, New Delhi, Delhi 110067, India"
GMaps,Pradeep Toys Distributors,Hyderabad,,TOY,GMaps cat: Wholesaler | 4.3★ / 41 reviews,"15-8-234 Cellar, Niamath plaza shopping center, behind New Santosh Dhaba 1, Hyderabad, Telangana 500012, India"
GMaps,Wholesale gallery,Mumbai,+91 77158 81008,TOY,GMaps cat: Toy store | 4.2★ / 40 reviews,"No.4B, Ground Floor, Sai Prasad Housing Society, Road No.2, Singh Estate, opp. Basra Studio, near Samata Nagar, Kandvali (E, Mumbai, Maharashtra 400101, India"
GMaps,LV TOYS - Wholesale Toys Shop,Delhi,+91 93107 89403,TOY,GMaps cat: Toy store | 4.9★ / 40 reviews,"MANCHI WALI GALI, near MAHABIR BAZAR, Teliwara, Sadar Bazaar, New Delhi, Delhi, 110006, India"
GMaps,Swastik toys world,Chennai,,TOY,GMaps cat: Toy store | 3.9★ / 40 reviews,"cmc complex, 32/14, Kasi Chetty Street, Sowcarpet, George Town, Chennai, Tamil Nadu 600001, India"
GMaps,"Heera Collection - Stationary, Xerox, Toys, Gifts and Electronics",Mumbai,+91 70451 16346,TOY,GMaps cat: Stationery store | 4.8★ / 39 reviews,"Shop No. 12, Shri Hari CHS, RTO Rd, Sahayog Nagar, Four Bungalows, Andheri West, W, Maharashtra 400053, India"
GMaps,Junkie Yard,Mumbai,+91 70214 46006,TOY,GMaps cat: Toy store | 3.7★ / 39 reviews,"Shop No 8-9, Ground Floor, Souparnica CHS, Kolivery Village, Kunchi Kurve Nagar, Kalina, Santacruz East, Mumbai, Maharashtra 400098, India"
GMaps,Radha gift & Toys,Chennai,+91 98403 85431,TOY,GMaps cat: Wholesaler | 4.2★ / 39 reviews,"110, Govindappa Naicken St, Seven Wells South, George Town, Chennai, Tamil Nadu 600001, India"
GMaps,KidzCarz Warehouse Kalyani Nagar. Biggest variety of kids battery operated cars bikes jeeps rideons,Pune,+91 90283 46579,TOY,GMaps cat: Toy store | 4.4★ / 39 reviews,"Matru Chhaya Society, Kalyani Nagar, Pune, Maharashtra 411006, India"
GMaps,KidsTime Wholesaler,Pune,+91 77981 28502,TOY,GMaps cat: Toy store | 3.8★ / 38 reviews,"Second Flore, Abhiruchi Mall, Sinhgad Rd, Bhide Baug, Wadgaon Budruk, Narhe, Pune, Maharashtra 411041, India"
GMaps,S M Gadiwala,Pune,+91 70832 19602,TOY,GMaps cat: Toy store | 4.9★ / 38 reviews,"Nagar, Wagholi - Keshnand Rd, Wagholi, Pune, Maharashtra 412207, India"
GMaps,Maskman toys,Delhi,+91 70427 69639,TOY,GMaps cat: Toy store | 4.4★ / 37 reviews,"1, GT Karnal Rd, SBI Colony, Derawal Nagar, Gujranwala Town, Delhi, 110033, India"
GMaps,B K Enterprises,Pune,+91 20 2449 2398,TOY,GMaps cat: Toy store | 3.8★ / 36 reviews,"1557, Laxmi Narayan Market, Shukrawar Peth, Pune, Maharashtra 411002, India"
GMaps,Nice Collection,Pune,+91 72648 96110,TOY,GMaps cat: Toy store | 4.6★ / 35 reviews,"Near, Shop No 7 Shubh Agusta Buildings, 14, Eon Free Zone Rd, Kharadi, Pune, Maharashtra 411014, India"
GMaps,RAJA PLASTIC,Delhi,+91 98994 35380,TOY,GMaps cat: Toy store | 4.5★ / 33 reviews,"Bahadurgarh Road, 1444/45, Main Gali, Fyaz Ganj, New Delhi, Delhi 110006, India"
GMaps,ITS MY TOY Wholesaler,Delhi,+91 81309 86862,TOY,GMaps cat: Toy store | 4.7★ / 32 reviews,"KH.No. 1193 basement, 216, near yadhuvanshi dharam Kanta, Bhalswa Jahangir Village, Jahangirpuri, Delhi, 110033, India"
GMaps,Aaccu baccu toy world,Hyderabad,+91 82967 81402,TOY,GMaps cat: Toy store | 3.8★ / 32 reviews,"2nd floor, mahaveer plaza, Shop No, 226 to 230, Old Feelkhana, Begum Bazar, Hyderabad, Telangana 500012, India"
GMaps,Toy Jack,Mumbai,+91 99675 95531,TOY,GMaps cat: Toy store | 4.7★ / 31 reviews,"Shop No. 12, Royal Pearl Building, Haji Zakaria Rd, Malad, Navy Colony, Mamledarwadi, Malad (W, Mumbai, Maharashtra 400064, India"
GMaps,GANESH TOYS AND GIFT CENTRE,Chennai,+91 98406 47116,TOY,GMaps cat: Toy store | 4★ / 31 reviews,"FLOOR SHOP NO - 7, RATAN BAZAAR KUMBHAT COMPLEX, 29, 1st Ln, opp. C1 POLICE STATION, Chennai, Tamil Nadu 600003, India"
GMaps,Iqra Toys & Stationery .(xerox store),Chennai,+91 90943 87027,TOY,GMaps cat: Toy store | 4.8★ / 31 reviews,"231, Peter's Rd, Balaji Nagar, Royapettah, Chennai, Tamil Nadu 600004, India"
GMaps,"Enlit Kids/ Toys, Children's Books, Teaching Aids, Preschool set up, School Suppliers",Pune,+91 98507 30384,TOY,GMaps cat: Toy store | 4.6★ / 31 reviews,"Regent Plaza Mall, Baner - Pashan Link Rd, Baner, Pune, Maharashtra 411069, India"
GMaps,Bittoo Stationery and toys Store,Delhi,+91 11 4701 0686,TOY,GMaps cat: Stationery store | 4.3★ / 30 reviews,"A2/118, Outer Ring Rd, Pocket 2, Sector 8A, Rohini, Delhi, 110085, India"
GMaps,"First Toys- Wholesale Battery Operated Cars in Kukatpally, Hyderabad",Hyderabad,+91 80085 99340,TOY,GMaps cat: Toy store | 4.3★ / 30 reviews,"MIG 8/4, Beside Lane Of Born Babies Store Opp: KS Bakers, 3rd, Kukatpally Housing Board Colony, Hyderabad, Telangana 500072, India"
GMaps,Toys Please! - Toy Shop Near Me | Action Figures | Soft Toys | Gifting,Pune,,TOY,GMaps cat: Toy store | 4.7★ / 30 reviews,"843, Dastur Meher Rd, next to Berry Next Store, Camp, Pune, Maharashtra 411001, India"
GMaps,King Stationery Toys Plasticware,Pune,+91 90113 69619,TOY,GMaps cat: Toy store | 5★ / 30 reviews,"Shop No 3 , Shyamal Apartment , iti Road Anand Park , Aundh , Pune 411007, Pune, Maharashtra 411067, India"
GMaps,Toysway,Delhi,+91 93111 48622,TOY,GMaps cat: Toy store | 4.8★ / 29 reviews,"5, 38, Ajmal Khan Rd, Block 5, WEA, Karol Bagh, New Delhi, Delhi, 110005, India"
GMaps,HighGearToys,Delhi,,TOY,GMaps cat: Toy store | 5★ / 29 reviews,"B507, 6, Gali Number 13, Subash Vihar, New delhi, Delhi, 110053, India"
GMaps,Tanu Toys Agency,Delhi,+91 93193 23730,TOY,GMaps cat: Toy store | 4.6★ / 29 reviews,"2873/17, 3 Floor Beli Ram Market, Sadar Bazaar, Delhi, 110006, India"
GMaps,Liberty Enterprises,Chennai,+91 99406 20949,TOY,GMaps cat: Toy store | 4.4★ / 29 reviews,"near:, city centre, 11, Kasi Chetty Street, Sowcarpet, George Town, Chennai, Tamil Nadu 600001, India"
GMaps,Vijay Sales ( Toy Shop Wholesaler),Pune,+91 94220 15177,TOY,GMaps cat: Toy store | 4.1★ / 29 reviews,"808, Shukrawar Peth - Mahatma Gandhi Rd, behind gadi khana hospital, nehru chowk, Pune, Maharashtra 411002, India"
GMaps,TOY VOGUE Baner,Pune,+91 93095 36900,TOY,GMaps cat: Toy store | 4.7★ / 29 reviews,"Shop no 1/2, Aditi Samruddhi, Sr no. 173/4, Baner - Mahalunge Rd, nr. lenovo service centre, Baner, Pune, Maharashtra 411069, India"
GMaps,Divy Collection,Mumbai,+91 98338 93688,TOY,GMaps cat: Toy store | 4.9★ / 27 reviews,"Gala no 2, bangles gala, road, opp. flags restaurant, Malad, Navy Colony, Liberty Garden, Malad West, Mumbai, Maharashtra 400064, India"
GMaps,MURALI TOYS,Chennai,+91 63826 10547,TOY,GMaps cat: Toy store | 5★ / 27 reviews,"Old no.3, New no. 92, 1st floor, Devaraja Mudali St, opp. Perumal koil, Park Town, Chennai, Tamil Nadu 600003, India"
GMaps,OM TOYS,Chennai,+91 94450 38822,TOY,GMaps cat: Toy store | 4.4★ / 27 reviews,"1st floor, Alwar Plaza complex, 10/n, Kasichetty Lane, Sowcarpet, George Town, Chennai, Tamil Nadu 600001, India"
GMaps,Toy House,Chennai,+91 44 2535 2058,TOY,GMaps cat: Toy store | 3.6★ / 27 reviews,"43, Rattan Bazaar, George Town, Chennai, Tamil Nadu 600003, India"
GMaps,TOYS 'R' IN,Hyderabad,+91 99669 50001,TOY,GMaps cat: Toy store | 4.3★ / 27 reviews,"Dr. AS Rao Nagar Rd, Arul Colony, Brindavan Colony, Dr. A. S. Rao Nagar, Secunderabad, Telangana 500062, India"
GMaps,Batra Toys & Gift,Delhi,+91 88600 77811,TOY,GMaps cat: Toy store | 4.8★ / 25 reviews,"6b/2, near Hdfc Bank, Block 3, Ramesh Nagar, Delhi, 110015, India"
GMaps,Rajput Collection,Hyderabad,+91 77994 51845,TOY,GMaps cat: Toy store | 4.6★ / 25 reviews,"#G-9, 15-8-433, Feelkhana, Hyderabad, Telangana 500012, India"
GMaps,Kid's paradise,Pune,+91 86007 38569,TOY,GMaps cat: Toy store | 4.5★ / 24 reviews,"SHOP NO 1&2, KBD Aurelia, Pancard Club Rd, Baner, Pune, Maharashtra 411069, India"
GMaps,Matchless Toys,Mumbai,+91 92210 32566,TOY,GMaps cat: Toy store | 4.1★ / 23 reviews,"293/2330, Mahatma Gandhi Rd, near Manthan Hotel, Motilal Nagar II, Goregaon West, Mumbai, Maharashtra 400104, India"
GMaps,K.K. Gifts & Toys Gallery,Delhi,+91 92121 12357,TOY,GMaps cat: Gift shop | 5★ / 23 reviews,"A-4/180, Giani Gurumukhi Musaphir Marg, Pocket 4, Sector 17A, Rohini, Delhi, 110089, India"
GMaps,Ayaan Toys,Delhi,,TOY,GMaps cat: Toy store | 4.7★ / 23 reviews,"30, Ram Kumar Marg, Block A, Motia Khan, Sadar Bazaar, New Delhi, Delhi, 110055, India"
GMaps,Brij Trading Company Toys,Delhi,,TOY,GMaps cat: Wholesaler | 3.1★ / 23 reviews,"Gandhi Market, 5240, Rui Mandi, Sadar Bazaar, New Delhi, Delhi, 110006, India"
GMaps,S.M TOYS CHENNAI,Chennai,,TOY,GMaps cat: Wholesaler | 4.9★ / 23 reviews,"Nammalwar Street, Peddanaickenpet, George Town, Chennai, Tamil Nadu 600001, India"
GMaps,Anime World & toys,Pune,+91 77090 23010,TOY,GMaps cat: Toy store | 5★ / 23 reviews,"Ground Flor, Relince smart, Kharadi reaod, opposite Nyati Empire, Rakshak Nagar, Kharadi, Pune, Maharashtra 411014, India"
GMaps,Bala ji Gift,Delhi,+91 88027 51655,TOY,GMaps cat: Toy store | 4.3★ / 22 reviews,"metro pillar no 375, opp goyal store ,1st floor Rohtak road ,nangloi chowk, market, Punjabi Basti, Nangloi, Delhi, 110041, India"
GMaps,Radha Krishna Toys,Chennai,+91 98403 36823,TOY,GMaps cat: Toy store | 4.9★ / 22 reviews,"No. 21, 1st Floor, Old no. 9, New, Reddy Raman St, Sowcarpet, Chennai, Tamil Nadu 600001, India"
GMaps,SAMBHAV SPORTS & TOYS,Hyderabad,+91 96763 64075,TOY,GMaps cat: Sporting goods store | 4.8★ / 22 reviews,"mahaveer plaza, Shop no 504, 15-1-92, 5th floor, Feel khana Begum Bazar Rd, Hyderabad, Telangana 500012, India"
GMaps,TOY ZONE TRADERS,Pune,+91 97303 14156,TOY,GMaps cat: Toy store | 4.4★ / 22 reviews,"Shop no. 6 Dhanvarsha market, Govind halwai chowk, 1149, Raviwar Peth, Pune, Maharashtra 411002, India"
GMaps,Laxmi Agency,Mumbai,+91 87796 57838,TOY,GMaps cat: Toy store | 4.3★ / 21 reviews,"No -01, 168/1339, Db More Marg, Kala Galli, Motilal Nagar I, Goregaon West, Mumbai, Maharashtra 400104, India"
GMaps,Daily Stop! | Best toy shop in Andheri,Mumbai,+91 91361 12039,TOY,GMaps cat: Toy store | 4.8★ / 21 reviews,"Shop no. 36, Manish nagar shopping center, station, JP Rd, near Metro Station D N Nagar, opp. Adani western heights, Gharkul Society, Manish Nagar, Four Bungalows, Andheri West, Mumbai, Maharashtra 400053, India"
GMaps,bellaqueen.in,Mumbai,,TOY,GMaps cat: Toy store | 5★ / 21 reviews,"Shantadurga Bldg, Shantisagar CHS, 22B/301, Ramabai Nagar, Ramabai Ambedkar Nagar, Ghatkopar East, Mumbai, Maharashtra 400075, India"
GMaps,Ashish Trading Co.,Delhi,+91 88009 62840,TOY,GMaps cat: Toy manufacturer | 4.8★ / 21 reviews,"Office - BC, 67A, Block BC, Poorbi Shalimar Bag, Shalimar Bagh, Delhi, 110088, India"
GMaps,ID Toys | Plastic toys wholesale market in Delhi,Delhi,,TOY,GMaps cat: Toy store | 4.9★ / 21 reviews,"Industrial Area, 308/5, Old Rohtak Rd, Shahzada Bagh, Phase 1, Shivaji Nagar, Daya Basti, Delhi, 110015, India"
GMaps,Sha Taraji Ramlal & Co -best toy n game shop sowcarpet,Chennai,+91 98401 79696,TOY,GMaps cat: Toy store | 4.6★ / 20 reviews,"18, Kasi Chetty Street, Sowcarpet, George Town, Chennai, Tamil Nadu 600001, India"
GMaps,Hamleys - The finest toy shop in the world,Hyderabad,+91 40 6931 4334,TOY,GMaps cat: Toy store | 5★ / 20 reviews,"3rd Level, 4th Floor, Lakeshore Mall, No L3/20 & L3/21, near Balanagar Metro Station, IDA Kukatpally, Kukatpally, Hyderabad, Telangana 500072, India"
GMaps,TOY VALLEY,Delhi,+91 99685 82136,TOY,GMaps cat: Toy store | 4.6★ / 19 reviews,"STALL NO. 12, MARKET, Block C, Moti Bagh South Market, South Moti Bagh, New Delhi, Delhi 110021, India"
GMaps,Narayan Trading Co- Best Toys Shop in Sadar Bazar Delhi.,Delhi,+91 95820 21506,TOY,GMaps cat: Toy store | 4.8★ / 19 reviews,"2nd Floor, Beliram Market, Shop no, 2873/14, Chowk, Teliwara, Sadar Bazaar, Delhi, 110006, India"
GMaps,TOY TEAM,Delhi,+91 80768 18868,TOY,GMaps cat: Store | 4.6★ / 19 reviews,"13/588, 1st floor, Shivaji Rd, Azad Market, Mithai Pul, Teliwara, Sadar Bazaar, Delhi, 110006, India"
GMaps,AGILE TOYS WORLD -Best Toys Wholesale shop,Hyderabad,+91 99596 39153,TOY,GMaps cat: Toy store | 4.8★ / 19 reviews,"SECOND FLOOR, SD MALL, SHOP NO.215,216,217 AND 218, near SANTOSH DHABA, Hyderabad, Telangana 500012, India"
GMaps,scoobies store,Pune,,TOY,GMaps cat: Toy store | 4.2★ / 19 reviews,"Scoobies, Lower Ground Floor, Phoenix Marketcity, Clover Park, Viman Nagar, Pune, Maharashtra 411014, India"
GMaps,Millennium Toys,Mumbai,+91 98928 65558,TOY,GMaps cat: Toy store | 3.8★ / 18 reviews,"18,Dattani Apt.NO.4,A Wing ,Parekh Nagar ,Off.S.V.Road,Kandivli West, Mumbai, Maharashtra 400067, India"
GMaps,"Mahaveer Stationery, Toys,Games and Gifts Store",Mumbai,+91 90829 52556,TOY,GMaps cat: Toy store | 4.5★ / 18 reviews,"Shop No 4, Rushabh Apartment, Pandit Jawaharlal Nehru Rd, Gavani Pada, Sarvodaya Nagar, Mulund West, Mumbai, Maharashtra 400080, India"
GMaps,S D TOYS,Delhi,+91 82793 49484,TOY,GMaps cat: Wholesaler | 5★ / 18 reviews,"3rd Floor, 4272, GALI, Bahuji Gali, Pahari Dhiraj, Delhi, 110006, India"
GMaps,Rangoon stores - Kasi chetty Street. Parrys,Chennai,+91 97103 97447,TOY,GMaps cat: Toy store | 5★ / 18 reviews,"New no 13, old, Kasi Chetty Street, Sowcarpet, George Town, Chennai, Tamil Nadu 600079, India"
GMaps,"Innocents Baby Shop (Near me Toys,kids Bikes E.Cars Wholesaler )",Hyderabad,+91 76720 86748,TOY,GMaps cat: Baby store | 4.9★ / 18 reviews,"No. 16-2-705, 29/1, H, Andhra Colony, New Malakpet, Hyderabad, Telangana 500036, India"
GMaps,Crystal Toys,Mumbai,+91 72086 97797,TOY,GMaps cat: Toy store | 4.2★ / 17 reviews,"134, Sarang St, Near Crawford Market, Opp, Kalbadevi, Mumbai, Maharashtra 400003, India"
GMaps,Saini Toys,Delhi,+91 93112 88062,TOY,GMaps cat: Toy store | 4.8★ / 17 reviews,"upper ground floor, Ch. Vidyanand Market, 2487, Teliwara chowk, near Fire Station, Narain Market, Sadar Bazaar, Delhi, 110006, India"
GMaps,Renuka Toys,Hyderabad,,TOY,GMaps cat: Toy store | 4.5★ / 17 reviews,"2nd Floor, Chetan plastic, Near, Feelkhana Rd, Begum Bazar, Hyderabad, Telangana 500012, India"
GMaps,A TO Z COLLECTION,Hyderabad,,TOY,GMaps cat: Toy store | 5★ / 17 reviews,"Mandir Masjid back side, *A TO Z collection* 17-1-383/98/1 IS Sadan, X Road, Saidabad Rd, Vinay Nagar, Saroor Nagar West, Santosh Nagar, Hyderabad, Telangana 500059, India"
GMaps,Deepak store,Delhi,+91 93111 70768,TOY,GMaps cat: Toy store | 4.9★ / 16 reviews,"1st floor, ICICI Bank Ltd, chowk fire station, 2770, 2769, Qutab Rd, Teliwara, Sadar Bazaar, New Delhi, Delhi 110006, India"
GMaps,Arihant Toys Gifts & Novelties,Hyderabad,+91 90325 68603,TOY,GMaps cat: Toy store | 4.8★ / 16 reviews,"1-6-72, Mahatma Gandhi Rd, near Gandhi Statue, opp. Jagdamba Pearls, Kandoji Bazar, General Bazaar, Kalasiguda, Secunderabad, Telangana 500003, India"
GMaps,KIDDO I' LAND,Chennai,+91 95007 58995,TOY,GMaps cat: Toy store | 4.7★ / 15 reviews,"ramalinga street, 9/2, Seven Wells St, Seven Wells North, George Town, Chennai, Tamil Nadu 600001, India"
GMaps,Toyz & More,Hyderabad,,TOY,GMaps cat: Toy store | 4.3★ / 15 reviews,"Piller No 1135, under Metro, Chikkadpally, Hyderabad, Telangana 500020, India"
GMaps,Krazy Jackal,Delhi,,TOY,GMaps cat: Toy manufacturer | 5★ / 13 reviews,"Bhanot Trade Centre, 207-208, Market, opp. Jwala Heri, Friends Tower, A 2B Block, Paschim Vihar, New Delhi, Delhi, 110063, India"
GMaps,Durga Toys Manufacturing pvt ltd,Chennai,+91 98845 17826,TOY,GMaps cat: Wholesaler | 3.9★ / 13 reviews,"122/1, Govindappa Naicken St, Sowcarpet, George Town, Chennai, Tamil Nadu 600001, India"
GMaps,Amar Toys,Chennai,,TOY,GMaps cat: Toy store | 4.5★ / 13 reviews,"No 1 bammu, Vengu Chetty St, Park Town, Tamil Nadu 600003, India"
GMaps,Toy mart,Hyderabad,+91 99509 11753,TOY,GMaps cat: Toy store | 4.6★ / 13 reviews,"DSL VIRTUE MALL, IDA Uppal, Uppal, Hyderabad, Telangana 500039, India"
GMaps,Elite Brand Hub,Mumbai,,TOY,GMaps cat: Toy store | 5★ / 12 reviews,"5th Ln, Reay Rd, Darukhana, Byculla, Mumbai, Maharashtra 400010, India"
GMaps,Toys Room,Delhi,+91 85959 87426,TOY,GMaps cat: Toy store | 4.9★ / 12 reviews,"RZ-45C, Old Mehrauli Rd, Palam Colony, Raj Nagar II Extension, Raj Nagar, New Delhi, Delhi, 110077, India"
GMaps,Tanish Toy & Stationary Shop,Delhi,+91 98107 34072,TOY,GMaps cat: Toy store | 5★ / 12 reviews,"Gali No. 7, Shiv Kunj, Sant Nagar, Burari, New Delhi, Delhi, 110084, India"
GMaps,PLAY TOYS ZONE,Chennai,,TOY,GMaps cat: Toy store | 5★ / 12 reviews,"Sadayappan street, Seven Wells St, Tamil Nadu 600001, India"
GMaps,Sri Goga Toys,Chennai,+91 75501 00509,TOY,GMaps cat: Toy store | 5★ / 12 reviews,"135, Anna Pillai St, Sowcarpet, George Town, Chennai, Tamil Nadu 600001, India"
GMaps,"Chennai Novelties - Soft Toys Manufacturer In Chennai, Soft Toys Wholesaler In Chennai",Chennai,+91 89251 90954,TOY,GMaps cat: Wholesaler | 4.3★ / 12 reviews,"Shop No.32, Parmila Complex, Strotten Muthiah St, Saidapet, Sowcarpet, George Town, Chennai, Tamil Nadu 600001, India"
GMaps,Ranuja Toys,Chennai,,TOY,GMaps cat: Toy store | 4.3★ / 12 reviews,"37QJ+R8J, lane, snowcarpet, Sowcarpet, George Town, Chennai, Tamil Nadu 600001, India"
GMaps,Vimal Toys,Chennai,+91 95853 94878,TOY,GMaps cat: Toy store | 4.2★ / 12 reviews,"2nd floor, shingvi plaza, Near: Jai Girnar impex, No:17, Narayana Mudali Street, Sowcarpet, Chennai, Tamil Nadu 600001, India"
GMaps,Abc Toys,Mumbai,+91 81087 65863,TOY,GMaps cat: Toy store | 4.6★ / 11 reviews,"152, Nagdevi St, behind Mercantile Bank, Khokha Bazar, Chippi Chawl, Kalbadevi, Mumbai, Maharashtra 400003, India"
GMaps,JP. TOYS,Chennai,+91 63814 94640,TOY,GMaps cat: Store | 4.9★ / 11 reviews,"No5 subbarayan naicken lane near N.S.C Bose Road alwar plaza, Sowcarpet, Chennai, Tamil Nadu 600001, India"
GMaps,BALAJI TOYS WORLD,Chennai,+91 93822 31367,TOY,GMaps cat: Toy store | 4.1★ / 11 reviews,"police station, 122/1, Govindappa Naicken St, near flower bazar, Sowcarpet, George Town, Chennai, Tamil Nadu 600001, India"
GMaps,A2Z bismi toys world,Chennai,+91 97880 32589,TOY,GMaps cat: Game store | 4.8★ / 11 reviews,"A 97, Burma Bazaar, Parrys, George Town, Chennai, Tamil Nadu 600001, India"
GMaps,GURU’S TOYS,Hyderabad,+91 40 2771 4687,TOY,GMaps cat: Toy store | 4.6★ / 11 reviews,"1st Floor, 7-2-1015, Station Road, Takara Basthi, Ashok Nagar, Monda Market, Shivaji Nagar, Secunderabad, Telangana 500003, India"
GMaps,PD Toys & Accessories,Hyderabad,+91 94947 94331,TOY,GMaps cat: Wholesaler | 5★ / 11 reviews,"Raju Colony, Balanagar, Hyderabad, Telangana 500042, India"
GMaps,Hulkkart,Pune,+91 96654 56798,TOY,GMaps cat: Toy store | 4.1★ / 11 reviews,"7, shivanjali mitra mandal trust, Old Sai Baba Mandir Rd, Raghavendra Nagar, Kharadi, Pune, Maharashtra 411014, India"
GMaps,URS millennium Toys Kandivali,Mumbai,+91 98922 44994,TOY,GMaps cat: Toy store | 4.8★ / 10 reviews,"Nalekar Estate, 41, Posar Bridge, opposite Hiranandani Gardens, Kandivali, Fateh Baug, Kandivali West, Mumbai, Maharashtra 400067, India"
GMaps,Toy Trade Impex,Delhi,+91 95550 56737,TOY,GMaps cat: Toy store | 4.8★ / 10 reviews,"B-58, Block B, Mayapuri Industrial Area Phase I, Mayapuri, New Delhi, Delhi 110064, India"
GMaps,MM agrawal & sons,Delhi,+91 99906 66267,TOY,GMaps cat: Toy store | 4.9★ / 10 reviews,"ist floor, 24, Bahadurgarh Rd, Hathi Khana, Sadar Bazaar, Delhi, 110006, India"
GMaps,BHERUNATH NOVELTY,Chennai,,TOY,GMaps cat: Toy store | 4.7★ / 10 reviews,"11/V, Sathrasala complex, first floor, kasi chetty lane, Sowcarpet, Chennai, Tamil Nadu 600001, India"
GMaps,SK TOYS,Chennai,+91 98408 15197,TOY,GMaps cat: Toy store | 4.8★ / 10 reviews,"3/5, Perumal Mudali St, Sowcarpet, George Town, Chennai, Tamil Nadu 600001, India"
GMaps,Famous Toys,Hyderabad,+91 99514 33258,TOY,GMaps cat: Toy store | 4★ / 10 reviews,"Mukaram Jahi Market, Laad Bazaar Rd, Julu Khana, Laad Bazar, Charminar, Ghansi Bazaar, Hyderabad, Telangana 500002, India"
GMaps,Saniya toy mall,Pune,+91 86195 80068,TOY,GMaps cat: Toy store | 4.1★ / 10 reviews,"Niramay hospital, Bajirao Nagar, Mate Nagar, Wadgaon Sheri, Pune, Maharashtra 411014, India"
GMaps,KALKI TOYS,Chennai,+91 44 2538 3517,TOY,GMaps cat: Toy store | 4.3★ / 9 reviews,"11/G KASI CHETTY LANE SATRASHALA COMPLEX 1 ST ROAD, Chennai, Tamil Nadu 600001, India"
GMaps,Maya Toys and Gift Novelties,Pune,+91 78752 61918,TOY,GMaps cat: Toy store | 4.4★ / 9 reviews,"Infront of Maharaja Wines, 1019, Ambika Niwas, Deep Bungalow Chowk, Model Colony, Pune, Maharashtra 411016, India"
GMaps,ROYAL KIDS TOYS,Bengaluru,+91 91418 40286,TOY,GMaps cat: Toy store | 3.9★ / 8 reviews,"2, Basavanapura Main Rd, Chikkabasavanapura, Krishnarajapuram, Bengaluru, Karnataka 560049, India"
GMaps,Radhika Toys,Hyderabad,+91 91606 14084,TOY,GMaps cat: Toy store | 4.9★ / 8 reviews,"Viswanatham Complex, 15-8-436/C-1, Feel khana Begum Bazar Rd, Feelkhana, Hyderabad, Telangana 500012, India"
GMaps,CrazyRC.com,Hyderabad,+91 95532 49321,TOY,GMaps cat: Toy store | 3.5★ / 8 reviews,"2nd Floor, CrazyRC, 202, opp. Moon Toons kids Garden Colony, Venkatadri Colony, Masab Tank, Hyderabad, Telangana 500006, India"
GMaps,Tiny Treasures,Pune,+91 81301 02346,TOY,GMaps cat: Toy store | 4★ / 8 reviews,"Park Express, Balewadi High St, Maharashtra 411045, India"
GMaps,Torque Dynamics India,Bengaluru,,TOY,GMaps cat: Toy store | 4.9★ / 7 reviews,"19, 6th Cross, Maheshwarappa Layout Kalkere, behind Spooorthi Sagarika School, Horamavu, Bengaluru, Karnataka 560113, India"
GMaps,Choice Enterprise,Mumbai,+91 98191 19311,TOY,GMaps cat: Toy store | 4.4★ / 7 reviews,"D/2,609, Kadambari CHS, Vishwa CHS, RDP 8, Charkop,-6, Kandivali West, Mumbai, Maharashtra 400067, India"
GMaps,Sumit Toys,Delhi,+91 97110 34046,TOY,GMaps cat: Wholesaler | 3.7★ / 7 reviews,"Teliwara, Sadar Bazaar 2452/5 F.F, Bharti Mkt, New Delhi, Delhi 110006, India"
GMaps,S J Enterprises,Chennai,+91 98842 14480,TOY,GMaps cat: Toy store | 4.7★ / 7 reviews,"39, Narayana Mudali Street, Sowcarpet, George Town, Chennai, Tamil Nadu 600001, India"
GMaps,Krishna Toys & Gifts,Hyderabad,,TOY,GMaps cat: Toy store | 4.7★ / 7 reviews,"9GW6+5CG, Shivam Rd, Prashanti Nagar, New Nallakunta, Hyderabad, Telangana 500044, India"
GMaps,Suraj toys agency,Pune,+91 98600 42102,TOY,GMaps cat: Toy store | 5★ / 7 reviews,"1182, 2nd floor, above SSP Jewellers, near Laxmi Narayan Mandir Road, Kapad Ganj, Raviwar Peth, Pune, Maharashtra 411002, India"
GMaps,Toy City,Pune,+91 84592 09930,TOY,GMaps cat: Electrical products wholesaler | 5★ / 7 reviews,"Bhawani Mata Mandir 15, Solapur - Pune Hwy, Survey No 15, Hadapsar, Pune, Maharashtra 411028, India"
GMaps,Tiny Tots,Mumbai,+91 95945 00839,TOY,GMaps cat: Toy store | 4.5★ / 6 reviews,"2nd floor, Ishwar Krupa Building, 238/240, Nagdevi St, beside safi castle tower, Near Crawford Market, Lohar Chawl, Kalbadevi, Mumbai, Maharashtra 400003, India"
GMaps,Arihant Sales TOYS,Delhi,+91 98915 86555,TOY,GMaps cat: Toy store | 4.7★ / 6 reviews,"First Floor, No. 4894-96, Phoota Road, Pahari Dhiraj, Sadar Bazaar, New Delhi, Delhi, 110006, India"
GMaps,Ramdev Marketing,Chennai,+91 94448 13084,TOY,GMaps cat: Toy store | 4.3★ / 6 reviews,"No.12, Reddy Raman St, Sowcarpet, George Town, Chennai, Tamil Nadu 600001, India"
GMaps,Navkar Toys,Pune,+91 94211 77006,TOY,GMaps cat: Toy store | 4.2★ / 6 reviews,"Shop No 3, Budhwar Peth Rd, Rameshwar Chouk, Shukrawar Peth, Pune, Maharashtra 411002, India"
GMaps,SMART TOYS AND GAMES,Bengaluru,+91 99644 25525,TOY,GMaps cat: Toy store | 5★ / 5 reviews,"Old Madras Rd, opp. canara bank,, SMART TOYS AND GAMES, Devasandra Extension, Krishnarajapuram, Bengaluru, Karnataka 560036, India"
GMaps,Shakti Collection,Mumbai,+91 98212 71432,TOY,GMaps cat: Toy store | 5★ / 5 reviews,"Evershine Shopping Centre, 17, Ratan Nagar Ln, near 7 Bungalows, Gharkul Society, Ratan Nagar, Four Bungalows, Andheri West, Mumbai, Maharashtra 400053, India"
GMaps,Mahalaxmi Toyz,Chennai,+91 96599 58702,TOY,GMaps cat: Toy store | 5★ / 5 reviews,"sangvi plaza, 17, Narayana Mudali Street, Sowcarpet, George Town, Chennai, Tamil Nadu 600001, India"
GMaps,MAHESH MARKETING,Chennai,+91 44 2536 0092,TOY,GMaps cat: Toy store | 4.8★ / 5 reviews,"Ground floor, 113, Govindappa Naicken St, Sowcarpet, George Town, Chennai, Tamil Nadu 600001, India"
GMaps,Zaid gift house,Hyderabad,+91 99666 67880,TOY,GMaps cat: Toy store | 5★ / 5 reviews,"Dastagirnagar, CRPF Colony, Chandrayangutta, Hyderabad, Telangana 500005, India"
GMaps,Pavan Verities,Pune,,TOY,GMaps cat: Toy store | 3.6★ / 5 reviews,"Bus stop, near Anand park, opp. puneri sweet, Hanuman Nagar, Wadgaon Sheri, Pune, Maharashtra 411014, India"
GMaps,Riddhi Collection - Toy Shop,Mumbai,+91 86521 38736,TOY,GMaps cat: Toy store | 5★ / 4 reviews,"Shop no-4, Wood Rose Apartment Chs Ltd., Lokhandwala Complex Market, near RBL Bank, opp. Hops Kitchen and Bar, Maharashtra 400053, India"
GMaps,P N Agencys,Chennai,+91 44 2539 1401,TOY,GMaps cat: Toy store | 4.8★ / 4 reviews,"47/2, Perumal Mudali St, Sowcarpet, George Town, Chennai, Tamil Nadu 600079, India"
GMaps,Five Star Novelties,Chennai,,TOY,GMaps cat: Toy store | 3★ / 4 reviews,"52, Narayana Mudali Street, lane, snowcarpet, Sowcarpet, George Town, Chennai, Tamil Nadu 600001, India"
GMaps,Vinita Enterprises,Chennai,+91 94445 45201,TOY,GMaps cat: Toy store | 5★ / 4 reviews,"Kum kum arcade :301, 3rd fllor, Narayana Mudali Street, Parrys, Chennai, Tamil Nadu 600001, India"
GMaps,Toys car service center,Chennai,,TOY,GMaps cat: Electronics store | 2★ / 4 reviews,"63/10A, Mylappa Rd, Chinna Chembarambakkam, Ayanavaram, Chennai, Tamil Nadu 600023, India"
GMaps,Priyanka Toys Wholesale & Retail,Hyderabad,+91 94409 51248,TOY,GMaps cat: Toy store | 5★ / 4 reviews,"Shop no:15-8, 445, Feel khana Begum Bazar Rd, Feelkhana, Hyderabad, Telangana 500012, India"
GMaps,Toysnmore,Mumbai,+91 89764 38266,TOY,GMaps cat: Toy store | 5★ / 3 reviews,"Chakala St, Koliwada, Masjid Bandar West, Mandvi, Mumbai, Maharashtra 400003, India"
GMaps,SUPER TOYS,Chennai,+91 99520 40623,TOY,GMaps cat: Game store | 3.7★ / 3 reviews,"NARAYANA, 101, Narayana Mudali Street, Seven Wells South, Vinayaka Mudali St, SOWCARPET, George Town, Chennai, Tamil Nadu 600001, India"
GMaps,J&J Stores98,Hyderabad,+91 94930 12479,TOY,GMaps cat: Toy store | 5★ / 3 reviews,"Sri Sai Krishna Colony, Plot No 36, Ramanthapur, Hyderabad, Telangana 500039, India"
GMaps,om toys wholesaler,Mumbai,+91 87909 18580,TOY,GMaps cat: Toy store | 4★ / 2 reviews,"D3,ground floor, Samrat Ashok, chs ltd, plot no.938, rsc 15, Sector 5, Charkop Sector 9, kandivali (w, Mumbai, Maharashtra 400067, India"
GMaps,Shree rajaram toy Mumbai,Mumbai,,TOY,GMaps cat: Toy store | 5★ / 2 reviews,"1st floor, 86, Sarang St, Near Crawford Market, Lohar Chawl, Kalbadevi, Mumbai, Maharashtra 400003, India"
GMaps,Saurabh Toys seller wholesaler importer,Delhi,,TOY,GMaps cat: Toy store | 3★ / 2 reviews,"chowk, Teliwara, Sadar Bazaar, New Delhi, Delhi, 110006, India"
GMaps,Jagadamba toys,Chennai,+91 44 2538 0287,TOY,GMaps cat: Toy store | 5★ / 2 reviews,"2nd Floor, 41,Narayan mudali street, Kasi Chetty Street, corner, Sowcarpet, Chennai, Tamil Nadu 600001, India"
GMaps,micro marketing,Chennai,,TOY,GMaps cat: Toy store | 2.5★ / 2 reviews,"kalivi plaza, 78/8, Narayana Mudali Street, Sowcarpet, George Town, Chennai, Tamil Nadu 600001, India"
GMaps,Pavan enterprises,Chennai,+91 90243 93384,TOY,GMaps cat: Toy store | 5★ / 2 reviews,"2,venkatachala mudail lane, near, NSC Bose Rd, opposite Govindappa Naicken Street, near Hotel prakash bhavan, Sowcarpet, Chennai, Tamil Nadu 600003, India"
GMaps,Runicha Toys,Hyderabad,+91 99496 95045,TOY,GMaps cat: Novelties wholesaler | 5★ / 2 reviews,"15-8-513/D/7, Cellar, Aziz Plaza, Feelkhana, Cellar, Hyderabad, Telangana 500012, India"
GMaps,Vasavi Toys & Sweets confectionery,Hyderabad,+91 83283 37668,TOY,GMaps cat: Confectionery wholesaler | 5★ / 2 reviews,"Shop No.15-8, 117D, Feelkhana Rd, near Jagadamba Temple, Fish Market, Begum Bazar, Afzal Gunj, Hyderabad, Telangana 500012, India"
GMaps,S.kantilal &Co,Hyderabad,+91 90308 48016,TOY,GMaps cat: Toy store | 5★ / 2 reviews,"IGH SOCIETY, 122, Gaganpahad, Hyderabad, Telangana 500077, India"
GMaps,"K Mart -Stationery, Toy mall",Pune,+91 70585 28498,TOY,GMaps cat: Stationery wholesaler | 4.5★ / 2 reviews,"Shop No.1, Bade wasti, Keshav Nagar Rd, Mundhwa, Pune, Maharashtra 411036, India"
GMaps,Toys mart,Mumbai,+91 79776 28294,TOY,GMaps cat: Wholesaler | 5★ / 1 reviews,"Gala No 1 Jangleshwar Mahadev Mandir Asalpha, Ghatkopar West, Mumbai, Maharashtra 400084, India"
GMaps,GLORY SPORTS AND MORE (GLORYNATION),Delhi,+91 93155 07578,TOY,GMaps cat: Toy store | 5★ / 1 reviews,"BASEMENT, Infront of Shivani Medicos, Lila Ram Market, B15, LEELARAM MARKET, BASEMENT ,INFRONT OF RADHA KRISHNA MANDIR, South Extension II, Delhi 110049, India"
GMaps,HARSH TOYS,Chennai,,TOY,GMaps cat: Toy store | 5★ / 1 reviews,"11, Reddy Raman St, Sowcarpet, George Town, Chennai, Tamil Nadu 600001, India"
GMaps,Gift Park,Chennai,+91 44 2849 0070,TOY,GMaps cat: Toy store | 5★ / 1 reviews,"5, 6, 7, 8 and 9th floor, 769, spencer plaza, phase 3, Anna Salai, Triplicane, Chennai, Tamil Nadu 600002, India"
GMaps,M Toys,Hyderabad,+91 96033 67337,TOY,GMaps cat: Wholesaler | 4★ / 1 reviews,"S no 8 Lower Floor, 15-1-495, beside Jain Mandir Road, Siddiamber Bazar, Begum Bazar, Feelkhana, Hyderabad, Telangana 500012, India"
GMaps,Priyanka,Chennai,+91 98849 75921,TOY,GMaps cat: Toy store | None★ / None reviews,"ujjawal complex, 58, Narayana Mudali Street, Sowcarpet, George Town, Chennai, Tamil Nadu 600001, India"
YouTube,MR. INDIAN HACKER,IN,,Creator,51400000 subs | 1348 videos,youtube.com/@mrindianhacker
YouTube,DEV Ke Experiment,,,Creator,21100000 subs | 1165 videos,youtube.com/@devkeexperiment
YouTube,chatpat toy tv,IN,,Creator,10100000 subs | 2029 videos,youtube.com/@chatpattoytv
YouTube,RCDriftTok,GB,,Creator,6970000 subs | 1160 videos,youtube.com/@rcdrifttok
YouTube,AndreoBee,IN,,Creator,6330000 subs | 697 videos,youtube.com/@andreobee
YouTube,Tech Boss,IN,,Creator,5170000 subs | 2175 videos,youtube.com/@techbossindia
YouTube,Shamshad Maker,IN,,Creator,4900000 subs | 478 videos,youtube.com/@shamshadmaker
YouTube,Gajuraa,IN,,Creator,4550000 subs | 1016 videos,youtube.com/@gajuraa01
YouTube,Beebom,IN,,Creator,3530000 subs | 2029 videos,youtube.com/@beebomco
YouTube,Smart Toy’s Capture,IN,,Creator,3320000 subs | 1408 videos,youtube.com/@smarttoyscapture
YouTube,HACKER JP,IN,,Creator,3000000 subs | 339 videos,youtube.com/@hackerjp
YouTube,AuthenTech - Ben Schmanke,US,,Creator,2700000 subs | 1231 videos,youtube.com/@authentech
YouTube,Freddy Collector ,US,,Creator,2530000 subs | 786 videos,youtube.com/@freddytoys
YouTube,MrRohitt2.0,IN,,Creator,1990000 subs | 303 videos,youtube.com/@mrrohitt2.0
YouTube,Tech Satire,IN,,Creator,1570000 subs | 2059 videos,youtube.com/@techsatire
YouTube,Rc Warrior,IN,,Creator,1280000 subs | 126 videos,youtube.com/@rcwarrior0327
YouTube,JMV TOYS,IN,,Creator,958000 subs | 2120 videos,youtube.com/@jmvtoys
YouTube,Peephole View Toys,IN,,Creator,845000 subs | 330 videos,youtube.com/@peepholeview
YouTube,Sanu Tech,IN,,Creator,824000 subs | 895 videos,youtube.com/@sanutech
YouTube,Happy Here Films,IN,,Creator,779000 subs | 188 videos,youtube.com/@happyherefilms
YouTube,DADDY DRONES,IN,,Creator,569000 subs | 1305 videos,youtube.com/@daddydrones
YouTube,RC Play Ground,KR,,Creator,382000 subs | 2349 videos,youtube.com/@rcplayground
YouTube,rcxrides,IN,,Creator,371000 subs | 173 videos,youtube.com/@rcxrides
YouTube,Redkash Shorts,IN,,Creator,315000 subs | 768 videos,youtube.com/@redkashshorts
YouTube,Crazy Tech Raunak,IN,,Creator,287000 subs | 604 videos,youtube.com/@crazytechraunak
YouTube,CHUNGG ANHH,VN,,Creator,213000 subs | 381 videos,youtube.com/@chungganhh99
YouTube,Rajib Toy,IN,,Creator,153000 subs | 886 videos,youtube.com/@rajibtoy
YouTube,i techsearch,IN,,Creator,149000 subs | 590 videos,youtube.com/@itechsearch
YouTube,Dilbar Ke Toys,IN,,Creator,141000 subs | 1948 videos,youtube.com/@dilbar_ke_toys
YouTube,haike Toys,VN,,Creator,120000 subs | 677 videos,youtube.com/@haiketoys
YouTube,Ayaan RC Toys ,IN,,Creator,107000 subs | 329 videos,youtube.com/@ayaanrctoys
YouTube,Mr Original,,,Creator,81100 subs | 417 videos,youtube.com/@mr_origiinal
YouTube,Unbox & Roll,IN,,Creator,71400 subs | 495 videos,youtube.com/@unbox_and_roll
YouTube,Desi RC Garage,,,Creator,70900 subs | 235 videos,youtube.com/@desircgarage
YouTube,AirToGround RCFPV,,,Creator,43600 subs | 158 videos,youtube.com/@airtogroundrcfpv
YouTube,Hobby Central,IN,,Creator,39500 subs | 408 videos,youtube.com/@hobbycentralindia
YouTube,Vishal Creator ,IN,,Creator,37900 subs | 525 videos,youtube.com/@vishalcreator19
YouTube,Unboxer Pintu Yadav,IN,,Creator,37200 subs | 291 videos,youtube.com/@unboxerpintu
YouTube,Do U RC 2,GB,,Creator,35100 subs | 458 videos,youtube.com/@dourc2
YouTube,The Branded Artist,IN,,Creator,22700 subs | 385 videos,youtube.com/@21brandedboy
YouTube,WAN KREATIF,ID,,Creator,17900 subs | 491 videos,youtube.com/@wankreatif
YouTube,RCgasm,ID,,Creator,16000 subs | 1251 videos,youtube.com/@rcgasm
YouTube,Karthikeyan Stores,IN,,Creator,14800 subs | 410 videos,youtube.com/@karthikeyanstores1349
YouTube,Game 3D King,IN,,Creator,11900 subs | 664 videos,youtube.com/@game3dking
YouTube,RC Drifterss,,,Creator,9510 subs | 249 videos,youtube.com/@rcdrifterss
YouTube,Horizon The Hobby Store,,,Creator,9380 subs | 83 videos,youtube.com/@horizonthehobbystore
YouTube,TechSpac3,NZ,,Creator,8230 subs | 661 videos,youtube.com/@techspac3
YouTube,8BitToast,IN,,Creator,7700 subs | 187 videos,youtube.com/@its8bittoast
YouTube,RC Turbo Garage,US,,Creator,5530 subs | 243 videos,youtube.com/@rc_turbo_garage
YouTube,Tygatec Racing – Hobby Grade RC Cars India,IN,,Creator,5160 subs | 129 videos,youtube.com/@tygatec
YouTube,DION's Diecast,,,Creator,1900 subs | 14 videos,youtube.com/@diondiecast
YouTube,BestBuyBoxes,,,Creator,1750 subs | 225 videos,youtube.com/@bestbuyboxes
YouTube,MRC HOBBIES,IN,,Creator,1230 subs | 186 videos,youtube.com/@mrchobbies
LinkedIn,Mrinmoy Sinha,,,Building Mirana Toys,"Relevance: HIGH, Eng: 59",https://www.linkedin.com/in/mrinmoysinha-ai-hustler
LinkedIn,Vedanti Kohli,,,Helping professionals grow on LinkedIn | Building Startup Veda | Sharing Startup Stories | Don’t hes,"Relevance: HIGH, Eng: 42",https://www.linkedin.com/in/vedanti-kohli-03225b199
LinkedIn,iSrch Startup News,,,"iSrch.com | India’s Startup News Platform | News, Insights & Trends","Relevance: HIGH, Eng: 8",https://www.linkedin.com/in/isrch-startup-news-891620394
LinkedIn,Kunal Patil,,,Building India’s #1 RC Ecosystem | Founder | Motorsport | Hobby grade tech | Enthusiast,"Relevance: HIGH, Eng: 4",https://www.linkedin.com/in/kunal-rc
LinkedIn,Kingsley Michael Uhiara,,,Founder & CEO at The Kings Ark™ | Building the B2B Megacity in the Clouds 🌏 | AI-Driven Trade Matchi,"Relevance: HIGH, Eng: 4",https://www.linkedin.com/in/kingsleymu
LinkedIn,Karsten Winter,,,Facility-Manager / Hausmeister / Modellbau,"Relevance: HIGH, Eng: 0",https://www.linkedin.com/in/karsten-winter-wintermini
LinkedIn,Gyan Vardhan,,,Business Journalist at Entrackr,"Relevance: MEDIUM, Eng: 32",https://www.linkedin.com/in/gyan-vardhan-071272a2
