#,Name,City,Category,GMaps Sub-Category,Phone,Address,Website,Stars,Reviews,Email
1,Daddy Drones Mumbai,Mumbai,HOBBY_RC,Hobby store,+91 72082 04541,"84/670, off New Link Road, behind Zebra Showroon, Motilal Nagar III, Goregaon West, Mumbai, Maharashtra 400104, India",https://www.daddydrones.in/,4.4,1762,support@shreethemes.in
2,Toy Collectors India,Mumbai,HOBBY_RC,Hobby store,+91 85918 58513,"Shop no 413 4th Floor, HillView Industrial Estate, inside Siddhpura Industrial, behind R City Mall, Amrut Nagar, Ghatkopar West, Mumbai, Maharashtra 400086, India",https://toycollectorsindia.in/,4.7,909,support@toycollectorsindia.com
3,NVX Drone Store,Delhi,HOBBY_RC,Hobby store,+91 95609 21619,"C Block, C42/2 1st Floor Dwarka Sadan, Middle Cir, Connaught Place, New Delhi, Delhi 110001, India",https://nvdronestore.com/,4.7,763,
4,Melody Science Projects (Science Hub),Delhi,HOBBY_RC,Hobby store,+91 98111 11537,"B3B, near INOX parking, opp. KFC, Janakpuri District Center, Janakpuri, Delhi, 110058, India",https://www.melodyprojects.in/,4.8,595,"melodyprojects@gmail.com, mail@melodyprojects.com"
5,New Silikon Electronics,Mumbai,HOBBY_RC,Hobby store,+91 98338 62543,"Shop no 6, Shivoham Apartments, Procter Rd, Grant Road East, Shapur Baug, Grant Road, Mumbai, Maharashtra 400007, India",,4.2,457,
6,Science Hobby Centre,Delhi,HOBBY_RC,Store,+91 98715 51050,"Shop No. UG-9, Vishwa Sadan, Janakpuri District Center, Janakpuri, New Delhi, Delhi 110058, India",,3.4,277,
7,TRD Enterprises,Delhi,HOBBY_RC,Hobby store,+91 84477 78475,"28D, Janakpuri Rd, BB Block, Janakpuri, New Delhi, Delhi, 110058, India",http://www.trdestore.com/,4.7,268,mk@F1.1
8,RcBazaar Pune,Pune,HOBBY_RC,Hobby store,,"Shriram Yashoda Complex, Building, Baner Rd, Balewadi Phata, Baner, Pune, Maharashtra 411045, India",http://www.rcbazaar.com/,3.9,248,"enquiry@rcbazaar.com, info@avionicglobal.com, helpdesk@rcbazaar.com"
9,Jacks-Hobbies,Hyderabad,HOBBY_RC,Aeromodel shop,+91 95023 76611,"1st floor, plot No, 1, Rd Number 3, North H Block, Journalist Colony, Banjara Hills, Hyderabad, Telangana 500082, India",http://www.jackshobbies.in/,3.8,215,
10,Aradioc Pvt. Ltd.,Hyderabad,HOBBY_RC,Aeromodel shop,+91 86864 46535,"1-398/35, IAS Colony, Toli Chowki, Hyderabad, Telangana 500008, India",,4.7,190,
11,xyzhobby.com,Delhi,HOBBY_RC,Hobby store,+91 99113 63711,"House no 119 DDA FLATS WELCOME SEELAMPUR 3, Shahdara, New Delhi, Delhi 110053, India",http://www.xyzhobby.com/,4.8,164,
12,RcBazaar Mumbai,Mumbai,HOBBY_RC,Hobby store,+91 22 2887 6644,"2nd floor, Growel's 101 mall, Kandivali, Akurli Industry Estate, Kandivali East, Mumbai, Maharashtra 400101, India",http://www.rcbazaar.com/,4,104,"info@avionicglobal.com, helpdesk@rcbazaar.com, enquiry@rcbazaar.com"
13,Shree Creators Model Making Company | Architectural Model Making | Miniature Model Maker | 3D Scale Model Maker,Mumbai,HOBBY_RC,Architectural and engineering model maker,+91 99677 28138,"H.O, Best Colony Rd, Motilal Nagar I, Goregaon West, Mumbai, Maharashtra 400104, India",https://shreecreators.com/,4.9,102,info@shreecreators.com
14,Dwarka Hobby Shop Aquarium,Delhi,HOBBY_RC,Aquarium shop,+91 99538 45849,"C-924, Block C, Sector 7 Dwarka, Dwarka, New Delhi, Delhi, 110077, India",,3.3,101,
15,INDIAN MODEL MAKERS,Chennai,HOBBY_RC,Telescope store,+91 98457 10448,"Plot No, 126/142, Big St, next to KRP Mansion, Narayana Krishnaraja Puram, Triplicane, Chennai, Tamil Nadu 600005, India",http://www.indianmodelmakers.com/,4.8,74,"contactus@indianmodelmakers.com, donate@opencart.com"
16,Aircraft model store,Mumbai,HOBBY_RC,Hobby store,+91 83692 86214,"Saint Peters Road, Hill Rd, Bandra West, Mumbai, Maharashtra 400050, India",,4.8,67,
17,Airmodelcrafts,Delhi,HOBBY_RC,Aeromodel shop,+91 99535 17691,"paschim vihar east metro station, opp. to pilar 218, Delhi 110063, India",https://airmodelcrafts.grexa.site/,5,60,
18,DJI Drone shop,Delhi,HOBBY_RC,Hobby store,+91 96672 51959,"Nitin Apartments, Prema Kunj, Civil Lines, Delhi, 110054, India",,4.6,53,
19,NGF Gaming Arena - RC Racing Playground,Hyderabad,HOBBY_RC,Recreation center,+91 98969 96300,"1-5-1118/7, Road No. 9, below Funtoosh play town, Kandlakoya, Old Alwal, Bolarum, Hyderabad, Secunderabad, Telangana 500067, India",https://www.instagram.com/ngf.gaming.arena/,4.7,51,
20,Traxxas India,Delhi,HOBBY_RC,Hobby store,+91 99207 99822,"d b gupta market, 187, Gurudwara Rd, Karol Bagh, New Delhi, Delhi 110005, India",,4.1,44,
21,SS Hobby Centre,Chennai,HOBBY_RC,Hobby store,+91 78888 96969,"21/28, Managappan Street, near Motilal Fomra School, Sowcarpet, George Town, Chennai, Tamil Nadu 600001, India",,4.5,40,
22,"Nimitt craft shack 4 (Hobby,Handwriting & Customised gift Store)",Pune,HOBBY_RC,Hobby store,+91 95451 91715,"Shop no. 223, Palladium Exotica, 2nd Floor, Lohegaon Rd, above Cotton King, Madhav Nagar, Dhanori, Pune, Maharashtra 411015, India",http://www.nimittcraftshack4.com/,4.9,40,nimittcraftshack4@gmail.com
23,MRC Hobbies,Mumbai,HOBBY_RC,Hobby store,+91 88501 07241,"2nd Floor, PN Kothari Industrial Estate, 201, Lal Bahadur Shastri Marg, near navkar Hospital, Sonapur, Bhandup West, Mumbai, Maharashtra 400078, India",https://mrchobbies.com/,4.7,31,contact.mrchobbies@gmail.com
24,Veels on 5er Racing & Hobbies,Hyderabad,HOBBY_RC,Hobby store,+91 90002 32464,"Sultan Nagar, Ameerpet, Hyderabad, Telangana 500114, India",https://www.instagram.com/veelson5er/?hl=en,4.6,27,
25,RC Racing Hobbies,Delhi,HOBBY_RC,Hobby store,+91 99111 15451,"S-35, Ram Dulari Tundelkar Ji Rd, Pocket S, Okhla Phase II, Okhla Industrial Estate, New Delhi, Delhi 110020, India",,4.6,26,
26,Cinerigs,Mumbai,HOBBY_RC,Hobby store,+91 93722 16165,"Malad, Evershine Nagar, Malad West, Mumbai, Maharashtra 400064, India",https://www.cinerigs.in/,4.8,23,"INFO@CINERIGS.IN, info@cinerigs.in"
27,AR Model Makers | Scale Model Making Company | Industrial Model Making | Engineering Model Making | Marine Model Makers,Mumbai,HOBBY_RC,Architectural and engineering model maker,+91 82638 62853,"A-WING, 36, Dr Annie Besant Rd, Tulsi Vihar, Gopal Nagar, Worli, Mumbai, Maharashtra 400025, India",https://www.armodelmakers.com/,5,20,info@armodelmakers.com
28,SKY HIGH,Hyderabad,HOBBY_RC,Hobby store,+91 77939 15111,"plot no:598, S.K.D. Nagar, Vanasthalipuram, Hyderabad-50007, Hyderabad, Telangana 500070, India",,4.9,20,
29,Desai's Art Studio,Pune,HOBBY_RC,Architectural and engineering model maker,+91 87883 51123,"Vitthal Prasad Building, Lane : 13B, houseing society, Garmal, Dhayari, Pune, Maharashtra 411041, India",,5,19,
30,Scale Arts In,Pune,HOBBY_RC,Hobby store,+91 97803 09070,"FRP2+QR7, Swami Vivekanand Society, Warje, Pune, Maharashtra 411058, India",http://www.scalearts.in/,5,18,"info@scaleartsin.com, scaleartsindia@gmail.com"
31,AeroCrafters,Pune,HOBBY_RC,Hobby store,+91 96048 48164,"Chaitra Nagari, B2 F5, Gandhi Bhavan Rd, Chaitanya Nagar, Kothrud, Pune, Maharashtra 411038, India",,5,11,
32,Hobby Ideas,Pune,HOBBY_RC,Art supply store,,"Shop No S-67A, Second Floor, Phoenix Marketcity, 14, Viman Nagar Rd, near Macdonalds, Clover Park, Viman Nagar, Pune, Maharashtra 411014, India",https://www.hobbyideas.in/,3.7,10,
33,Aerofly Club,Hyderabad,HOBBY_RC,Hobby store,,"5-3-78, Chandanwadi, Goshamahal, Nampally, Hyderabad, Telangana 500012, India",,4.8,9,
34,RC-Udayan,Pune,HOBBY_RC,Aeromodel shop,+91 98503 34353,"8, Omkar Society, Opp. Rakshalekha Society, Dattawadi, Pune, Maharashtra 411030, India",https://www.rc-udayan.com/,3.8,9,
35,21 RCDC,Mumbai,HOBBY_RC,Hobby store,+91 96967 00021,"Room no. 1, Nirmal niwas, 17th, St John Baptist Rd, opp. Taj house, Mount Mary, Bandra West, Mumbai, Maharashtra 400050, India",http://www.21rcdc.com/,5,8,
36,kkrobotic India's online lithium battery manufacturers in mumbai india,Mumbai,HOBBY_RC,Hobby store,+91 94279 88349,"E, Timber green park, Diamond Industrial Estate, Dahisar East, Mumbai, Maharashtra 400068, India",https://lionbattery.in/,4.3,8,"info@lionbattery.com, info@lionbattery.in, admin@lionbattery.in"
37,Model Makers India,Hyderabad,HOBBY_RC,Hobby store,+91 93123 30080,"Srt- 203 Jawahar nagar ANDHRA CAFE HOTEL, near Hyderabad, RTC Cross Road, Telangana 500080, India",,5,8,
38,KINGS OF RC INDIA CLUB,Pune,HOBBY_RC,Hobby store,+91 93733 59611,"Gayatri Ram housing society, Pune, Maharashtra 411006, India",,3.9,7,
39,El-Avion,Delhi,HOBBY_RC,Hobby store,+91 98101 99014,"K66, Block K, Hauz Khas Enclave, Hauz Khas, New Delhi, Delhi 110016, India",,5,5,
40,Rctracks,Bengaluru,HOBBY_RC,Hobby store,,"old no 127, new 10, Sonnamarappa Rd, Ramaswamipalya, Banaswadi, Bengaluru, Karnataka 560033, India",,4.7,3,
41,DIY Creatives,Mumbai,HOBBY_RC,Hobby store,+91 80808 77388,"301, Divine Castle, Cross Road Number 4, Malad, Navy Colony, Liberty Garden, Malad West, Mumbai, Maharashtra 400064, India",,4.3,3,
42,Remote Control Car Dealers,Hyderabad,HOBBY_RC,Hobby store,,"No 1, 45/1, Zamistanpur, Hyderabad, Telangana 500020, India",,2.7,3,
43,RC Craft Garage,Hyderabad,HOBBY_RC,Craft store,,"malikarjuna colony, Balaji Enclave, Madhu Enclave, Mallikarjuna Nagar, Old Bowenpally, Hyderabad, Secunderabad, Telangana 500011, India",,,,
44,Peninsula Hobby,Pune,HOBBY_RC,Hobby store,,"C2, 16, Satara Rd, Gururaj Society, Kothrud, Pune, Maharashtra 411038, India",,,,
45,Aeromodelling hobbies,Pune,HOBBY_RC,Aeromodel shop,+91 84838 38794,"GAGAN VIHAR, B2, Bibwewadi Kondhwa Rd, opp. meghdoot hotel, Gaganvihar, Gangadham Phase II, Ganga Dham, Pune, Maharashtra 411037, India",,,,
46,FATCAT COLLECTIBLES,Pune,COLLECTIBLE,Collectibles store,+91 79722 12522,"A-1 Ground floor, Ashiana park, N Main Rd, opp. Lane Number 5, Liberty Phase 2, Ragvilas Society, Koregaon Park, Pune, Maharashtra 411001, India",https://fatcatcollectibles.in/,4.8,543,fatcatcollectibles.in@gmail.com
47,"Nerd Arena - Collectibles, Merchandise, Action Figures, Apparel",Mumbai,COLLECTIBLE,Collectibles store,+91 96191 14843,"Elco Arcade, Hill Rd, Bandra West, Mumbai, Maharashtra 400050, India",https://nerdarena.in/,4.4,216,sales@nerdarena.in
48,OGMini | Die Cast Collectibles Store | Gachibowli,Hyderabad,COLLECTIBLE,Collectibles store,+91 86884 62189,"Shop No.2, 1st Floor, Preston Prime Mall, Lumbini Avenue, Gachibowli, Hyderabad, Telangana 500032, India",https://www.ogmini.com/,4.7,191,
49,Diecast District India,Mumbai,COLLECTIBLE,Collectibles store,+91 98210 45222,"Bandra West, Mumbai, Maharashtra 400050, India",http://www.diecastdistrict.in/,5,2,Diecastdistrict@gmail.com
50,Toys Gallery - Collectible Car Models & Kids Toys,Delhi,COLLECTIBLE,Toy store,+91 88102 60166,"Street no-19, D-589, Dass Garden, Baprola Vihar, Nangli Vihar Extension, Najafgarh, New delhi, Delhi, 110043, India",https://toysgallery.in/,4.5,2,support@toysgallery.in
51,Diecast Utopia,Mumbai,COLLECTIBLE,Collectibles store,+91 90821 22379,"Girijabai Patil CHS SRA, next to Aiswarya Heights, Sachin Housing Colony, Patil Nagar, LIC Housing Colony, Mulund East, Mumbai, Maharashtra 400081, India",https://diecastutopia.in/,,,DiecastUtopia@gmail.com
52,164 Diecast India,Mumbai,COLLECTIBLE,Toy store,,"Mac Ronells Bungalow, beside Candies / Krome Studios / Mac Queens Banquets, 5AA, Pali Hill, Mumbai, Maharashtra 400050, India",https://www.instagram.com/164diecastindia,,,
53,DJI drone store,Delhi,DRONE,Drone shop,+91 96437 44872,"Shop No 5, Second floor, 54, Shankar Rd, above cafe coffee day, Block 5, Old Rajinder Nagar, Rajinder Nagar, New Delhi, Delhi, 110060, India",http://nexordrone.in/,4.9,734,
54,Dji Drone Store,Pune,DRONE,Drone shop,+91 96437 44872,"Sr No. 89 , Lane No 06, sada Laxmi Sadan, Dhayarkar Colony, Pingale Wasti, Koregaon Park Annexe, Tadigutta, Pune, Maharashtra 411036, India",https://djidronestore.in/,4.6,335,"rahulraaz109@gmail.com, contact@djidronestore.in"
55,Sumitra Enterprises,Delhi,DRONE,Drone shop,+91 95554 04400,"Plot no-432 Main Road Sant Nagar, Ekta Society Wali Gali, Burari, Delhi, 110084, India",https://www.sumitraenterprises.in/,4.8,247,contact@sumitraenterprises.in
56,DJI Drone Store Official,Delhi,DRONE,Drone shop,+91 99585 45782,"14-B/UA, Chowk, Block UA, Jawahar Nagar, Malka Ganj, Delhi, 110007, India",http://droneduniya.com/,4.8,217,
57,MIKROBOTIX - best drone in Hyderabad,Hyderabad,DRONE,Mapping service,+91 85550 21685,"Kondapur, Silpa Park, Gachibowli, Hyderabad, Telangana 500084, India",http://www.mikrobotix.com/,4.6,69,"harish.alladi@mikrobotix.com, info@mikrobotix.com"
58,Decibel Scale Models,Delhi,MODEL,Model train store,+91 95404 01404,"shop no.3, F-1/158, opp. DDA market, Pocket 2, Sector 11, Rohini, Delhi, 110085, India",https://www.decibelscalemodels.com/,4.4,65,donate@opencart.com
59,VSMODELS Miniatures,Hyderabad,MODEL,Model shop,+91 70136 38119,"Shastri Nagar, Musheerabad, Zamistanpur, Ramnagar, Hyderabad, Telangana 500020, India",,4.8,19,
60,Aditya Miniatures and Models,Bengaluru,MODEL,Miniatures store,+91 96110 77015,"5th Main Rd, Malleshpalya, Kaggadasapura, Bengaluru, Karnataka 560075, India",http://adityaminiaturetrainmodels.com/,4.7,13,adityaminiaturesandmodels@gmail.com
61,Creative Scale Models,Delhi,MODEL,Model shop,+91 99105 18188,"T-3, 1st Floor, Pul Prahlad Pur, Mehrauli - Badarpur Rd, Block B, Badarpur, New Delhi, Delhi 110044, India",http://www.creativescalemodels.com/,4,3,
62,Models India,Hyderabad,MODEL,Miniatures store,,"1, Rd Number 45, SBH Officers Colony, Mega Hills, Madhapur, Hyderabad, Telangana 500081, India",,5,1,
63,Cycle and Toy Market,Delhi,TOY,Wholesale market,,"Shop No-42, Cycle and Toys Market, Cycle Market, Block E 4, Jhandewalan Extension, Jhandewalan, New Delhi, Delhi 110055, India",https://knickknack.online/,4.1,7193,knickk8@gmail.com
64,Hamleys,Pune,TOY,Toy store,+91 88799 69713,"1st floor, Phoenix Market City, near karat line store, Clover Park, Viman Nagar, Pune, Maharashtra 411014, India",https://stores.hamleys.in/hamleys-pmc-pune-toy-shop-viman-nagar-pune-299154/Home?utm_source=locator&utm_medium=googleplaces,4.4,3965,
65,Hamleys- The finest toy shop in the world,Chennai,TOY,Toy store,+91 44 6191 5099,"Express Avenue Mall, S001, S101, Whites Rd, Royapettah, Chennai, Tamil Nadu 600014, India",https://stores.hamleys.in/hamleys-the-finest-toy-shop-in-the-world-express-avenue-chennai-toy-shop-royapettah-chennai-300885/Home,4.5,3000,
66,RANGOON STORES,Chennai,TOY,Toy store,+91 97103 97447,"49, Prakasam Road, Muthialpet, George Town, Chennai, Tamil Nadu 600108, India",http://rangoonstores.in/,4.6,2852,
67,Hamleys- The finest toy shop in the world,Delhi,TOY,Toy store,+91 11 4963 1157,"Domestic Arrival, IGI Airport, DA/01, Baggage Belt Area, Terminal 3, near ITC Tower, Mahipalpur, New Delhi, Delhi 110037, India",https://stores.hamleys.in/hamleys-the-finest-toy-shop-in-the-world-delhi-t3a-airport-toy-shop-mahipalpur-new-delhi-300858/Home,4.5,2844,hamleys_del.THF8_com@zmail.ril.com
68,Sigma Toys,Chennai,TOY,Toy store,+91 90258 88899,"1st floor, Giri complex, New No : 124, Audiappa Naicken St, Sowcarpet, George Town, Chennai, Tamil Nadu 600001, India",,4.6,2062,
69,Hamleys,Mumbai,TOY,Toy store,+91 97734 33177,"Phoenix, Rakhangi Chowk, 462, High Street, Senapati Bapat Marg, near Phoenix Mills Compound, Lower Parel, Mumbai, Maharashtra 400013, India",https://stores.hamleys.in/hamleys-high-street-phoenix-toy-shop-lower-parel-mumbai-299152/Home?utm_source=locator&utm_medium=googleplaces,4.7,1850,
70,Hamleys- The finest toy shop in the world,Mumbai,TOY,Toy store,+91 88799 75172,"2nd floor, Oberoi Mall, No S/13, Western Express Hwy, Yashodham, Goregaon East, Mumbai, Maharashtra 400063, India",https://stores.hamleys.in/hamleys-the-finest-toy-shop-in-the-world-oberoi-hamleys-toy-shop-goregoan-east-mumbai-299161/Home,4.7,1643,
71,"Goodluck Plastic Trading Company kids jeep, bike and car",Chennai,TOY,Toy store,+91 94440 37330,"18, Kasi Chetty Street, Parrys, George Town, Chennai, Tamil Nadu 600079, India",https://www.instagram.com/toysgoodluck1/?hl=en,4.7,1260,
72,Ismail Stores,Chennai,TOY,Toy store,+91 72997 48975,"53/1, Ponnappa Chetty St, Purasaiwakkam, Chennai, Tamil Nadu 600084, India",http://www.ismailstore.com/,4.2,950,
73,Maru Collection,Mumbai,TOY,Toy store,+91 72728 84747,"Shop no.6, 7. Neelaamber, Mathuradas Road, Kandivali, Bhagat Colony, Kandivali West, Mumbai, Maharashtra 400067, India",http://marucollection.com/,4.5,915,
74,Ramdev Toys & BABY WEAR,Bengaluru,TOY,Baby store,+91 80 4371 4157,"15/16, Vignan Nagar Main Rd, post, New thippasandra, Bengaluru, Karnataka 560075, India",https://youtu.be/p1ylt33Vih8,3.8,883,
75,Hiba Kids Toy Car World wholesale,Chennai,TOY,Toy store,+91 63694 95200,"99, Alagappa Rd, Purasaiwakkam, Chennai, Tamil Nadu 600084, India",http://www.chennaikidsrideoncarwholesale.com/,4.8,852,
76,Ambika Toys and More,Pune,TOY,Toy store,+91 20 2445 2934,"471, Lokhande Talim Rd, Bhatancha Bol, Narayan Peth, Pune, Maharashtra 411030, India",,3.8,720,
77,Toy Mall,Pune,TOY,Children's store,+91 72648 96110,"Toy Mall, Shri Ram Chowk, opposite Kharadi, Kharadi, Pune, Maharashtra 411015, India",,4,713,
78,Toy mania,Mumbai,TOY,Toy store,+91 80974 76730,"Shashtri nagar, next to sujata stores, Mulund Colony, Mulund West, Mumbai, Maharashtra 400082, India",,4.7,705,
79,Bhavya Toys,Mumbai,TOY,Toy store,,"2, Mahatma Gandhi Rd, opp. Datta Mandir, Motilal Nagar, Goregaon West, Mumbai, Maharashtra 400104, India",,4.2,690,
80,Tiny Toy Trunk - Toys and Stationery,Hyderabad,TOY,Toy store,+91 87899 05610,"Pillar Number 140, Attapur Ring Road, Mushk Mahal, Hyderabad, Telangana 500030, India",https://www.instagram.com/tiny.toy.trunk?igsh=am9oNnN4a2l6MzBw,4.9,686,
81,JCVJ TOYS | kids ride on car|kids ride on toys | kids battery car repair |Kids Jeep| Kids Bike| Hoverboard| Dirt Bikes|ATV|,Delhi,TOY,Toy store,+91 99539 55059,"Ground Floor, Metro Station, 31 -A, near Adarsh Nagar, Indira Nagar, Panchwathi, Azadpur, Delhi, 110033, India",https://www.instagram.com/jcvjtoys?igsh=MXMydjB2MGcydnp5eA==,5,654,
82,Riddhi Toy,Mumbai,TOY,Toy store,+91 80 6506 6013,"Shop No G -1 Plot No 14 Laxmi Niwas Jawahar Nagar S.V ROAD Goregaon, West, Goregaon West, Mumbai, Maharashtra 400104, India",http://riddhitoygoregaon.in/,4.7,626,
83,Balaji Toy's,Chennai,TOY,Toy store,+91 97911 25604,"Door No 2, Periya Naickaran Street, Sowcarpet, Chennai, Tamil Nadu 600001, India",https://www.balajitoy.com/,4.5,607,vipulmali37@gmail.com
84,Ram Chander & Sons Toy Store,Delhi,TOY,Toy store,+91 11 4052 9344,"D-1, Odeon Building, Radial Rd 5, Connaught Place, New Delhi, Delhi 110001, India",http://toychamps.com/,3.7,542,
85,Bhavani Toys and Gifts Pune,Pune,TOY,Wholesaler,+91 98811 18056,"24, Bhau Maharaj Bol Rd, opposite Tulshibaug, Mandai, Shukrawar Peth, Pune, Maharashtra 411002, India",,4.9,517,
86,TOYS & KIDS PLANET - GK ENTERPRISES,Hyderabad,TOY,Toy store,+91 40 4851 8137,"Shop No.1, 10-60/62, opp. Shopper's Stop, Old Patigadda, Chikoti Gardens, Begumpet, Hyderabad, Telangana 500016, India",,3.9,510,
87,Kiddi Villa,Delhi,TOY,Toy store,+91 97117 60244,"Flat No. 1, Sector 2, Rohini, Rohini, Delhi 110085, India",https://kiddivilla.com/,4.5,500,kiddivilla.feedback@gmail.com
88,DEEKSHITA MAANVI TOYS & BABY STORE toycar and bike service,Hyderabad,TOY,Toy store,+91 83097 38993,"B148, 10, Green Park Colony Main Rd, Saroornagar, Green Park Colony, Saroor Nagar East, Hyderabad, Telangana 500035, India",,5,498,
89,Kidscars Warehouse,Pune,TOY,Toy store,+91 90283 46579,"Warehouse no 2, Jagtap chowk, opposite Shinde chatri, Phase 1, Wanowrie, Pune, Maharashtra 411040, India",,4.6,478,
90,Toy Land,Pune,TOY,Toy store,+91 99238 89963,"Wanowrie, Pune, Maharashtra 411040, India",https://toy-land.grexa.site/,4.9,454,
91,Toy Market Jb Plaza,Delhi,TOY,Toy store,,"Mithai Pul, Teliwara, Sadar Bazaar, New Delhi, Delhi, 110006, India",,3.9,453,
92,Hamleys- The finest toy shop in the world,Hyderabad,TOY,Toy store,+91 77806 47941,"3rd Flr, DSL Mall, No TF03/04/05, B1/2, Uppal - Ramanthapur Rd, Uppal, Hyderabad, Telangana 500039, India",https://stores.hamleys.in/hamleys-the-finest-toy-shop-in-the-world-dsl-mall-hyd-toy-shop-uppal-hyderabad-300882/Home,4.5,446,hamleys_hydTJU4_COM@zmail.ril.com
93,UV Toys,Hyderabad,TOY,Wholesaler,+91 90429 46172,"cellar, shop no 4, RK PLAZA, 15-8-511, Siddiamber Bazar Rd, beside Aziz Plaza, opp. to maheswari novelties, Siddiamber Bazar, Begum Bazar, Feelkhana, Hyderabad, Telangana 500012, India",,4.9,427,
94,ZEE TOYS,Delhi,TOY,Toy store,+91 98993 24495,"Ground Floor, Pandit Maha Singh Mkt, 2443, opposite Pahiye Wali Gali, Mithai Pul, Teliwara, Sadar Bazaar, Delhi, 110006, India",https://zeetoys.catalog.to/,4.6,411,
95,Entertainment Store,Pune,TOY,Toy store,+91 91455 00202,"2nd Floor, phoniex market city, Unit number S, 36 c, Viman Nagar, Pune, Maharashtra 411014, India",https://entertainmentstore.in/,4.4,406,"satish@entertainmentstore.in, manager@entertainmentstore.in"
96,"Maskeen Toys Pvt Ltd- Preschool Toys, Games and School Furniture Manufacturers",Delhi,TOY,Manufacturer,+91 98116 44688,"SSJMD tower, 10/62, Block 10, Kirti Nagar Industrial Area, Kirti Nagar, New Delhi, Delhi, 110015, India",http://www.playschooltoy.com/,4.8,395,
97,FUN RYDERZ kids rideons wholesale,Chennai,TOY,Toy store,+91 72000 78688,"Fountain Plaza, No 97/345, Pantheon Rd, Egmore, Chennai, Tamil Nadu 600008, India",https://app.socialpixa.com/Fun-Ryderz,5,394,"funryderz78@gmail.com, support@socialpixa.com"
98,"Bhagwati Toy House- Car Toys, Bikes & Jeeps",Hyderabad,TOY,Toy store,+91 91827 52150,"Backside Karachi Bakery, Metro Station Musarambagh, 16-11-310/12/C/1, Saleem Nagar Colony, Malakpet Extension, Malakpet, Hyderabad, Telangana 500036, India",https://bhagwatitoyhouse.in/,4.9,378,bhagwatitoyhouse@gmail.com
99,FALAK TOYS ZONE,Mumbai,TOY,Toy store,+91 92233 40493,"Shop No.40/A,Gr.Floor, Manish Market Gate, Palton Rd, Chhatrapati Shivaji Terminus Area, Fort, Mumbai, Maharashtra 400001, India",https://falaktoys.com/,4.5,372,
100,𝙹𝙳𝙱𝚃,Chennai,TOY,Toy store,+91 96772 51204,"B Block, 8/180, Manali salai, M.G.R.NAGAR, Ezhil Nagar, Kodungaiyur, Chennai, Tamil Nadu 600118, India",https://jdbt.in/,4.8,372,
101,World TOY Center - Toy Shop | Kharadi | Pune,Pune,TOY,Toy store,+91 84848 48130,"Shop No. 01, PatilBuwa Nagar, &, Gera Commerzone IT Park Rd, near EON PDEA School, Zensar Technologies Campus, Rakshak Nagar, Kharadi, Pune, Maharashtra 411014, India",,4.8,337,
102,Toy Stories Pune,Pune,TOY,Toy store,+91 91729 53313,"Shop No 18,Twin Tower phase 2,Jambhulkar Chowk, Mathew Mansion Rd, Phase 2, Jagtap Nagar, Wanwadi, Pune, Maharashtra 411040, India",https://toy-stories-pune.grexa.site/,5,315,
103,Lovely babies,Hyderabad,TOY,Toy store,+91 90599 74454,"5/8, 1st Flore, Lig, JNTU Rd, Kukatpally Housing Board Colony, K P H B Phase 3, Kukatpally, Hyderabad, Telangana 500072, India",,4,310,
104,Jaiman Toys,Delhi,TOY,Toy store,+91 98997 47688,"Sri Aurobindo Marg, near hauz khas, Hauz Khas Market, Block C 2, Hauz has, Green Park, New Delhi, Delhi 110016, India",http://jaimantoys.com/,4.4,280,jaimantoys@gmail.com
105,Euphoria By Kheliya,Pune,TOY,Toy store,+91 90217 52297,"IRIZ Tower, Baner - Pashan Link Rd, near HDFC Bank, Pashan, Pune, Maharashtra 411021, India",https://www.kheliyatoys.com/,4.2,275,cc@kheliyatoys.com
106,PREM RATNA TOYS,Mumbai,TOY,Toy manufacturer,+91 80801 91994,"Harichand Compound, 11, Lal Bahadur Shastri Marg, near Godrej Petrol Pump, Godrej & Boyce Industry Estate, Vikhroli West, Mumbai, Maharashtra 400079, India",http://www.premratnatoys.com/,4.6,274,
107,TOYPLACE,Hyderabad,TOY,Toy store,+91 78427 28666,"First Floor, Plot No 10, JJ Nagar, Malkajgiri, Neredmet, Hyderabad, Telangana 500094, India",http://toyplace.in/,4.8,273,
108,Pick Best Toys,Delhi,TOY,Toy store,+91 96540 09915,"D 135, Dhobi Ghat Gali, near vivek vihar police station, Block D, Jhilmil Colony, Delhi, 110095, India",https://pickbesttoys.com/,4.9,269,
109,Amrik Singh & Sons - Toys and Return Gift wholesale Shop in Sadar Bazar,Delhi,TOY,Toy store,+91 99998 66668,"263 2nd Floor, Towel Market, Post Office St, Sadar Bazaar, New Delhi, Delhi 110006, India",,4.1,264,
110,Kidsfly,Hyderabad,TOY,Toy store,+91 78158 10281,"Savithri Malliah Arcade, 12-8-422/3, near Metro Pillar No: 1117, Phase 1, Alugaddabavi, Mettuguda, Hyderabad, Secunderabad, Telangana 500017, India",,4.8,261,
111,Eduneeds,Pune,TOY,Toy store,+91 90110 45441,"Shiv Darshan Rd, Walvekar Nagar, Parvati Paytha, Pune, Maharashtra 411009, India",,4.3,255,
112,Commodities Hometown And Co(JOYTOY),Chennai,TOY,Toy store,+91 98403 86037,"Bharathi salai, 3, Oil Monger St, Streer, Triplicane, Chennai, Tamil Nadu 600005, India",http://www.joytoyjunction.com/,4.9,249,
113,Mohit toys villa,Hyderabad,TOY,Toy store,+91 98495 00685,"Sri K.C Niwas, 15-8-312, near mansingh hotel, Feelkhana, Hyderabad, Telangana 500012, India",,4,248,
114,"Toy World - Toy Shop, Kharadi",Pune,TOY,Toy store,+91 95035 61352,"Shop No. 105, Gera Imperium Alpha, opp. Gera Commerzone, Vitthal Nagar, Kharadi, Pune, Maharashtra 411014, India",http://www.toyworldpune.com/,4.3,248,toyworldpurchases@hotmail.com
115,House of Toys,Mumbai,TOY,Toy store,+91 81049 95709,"Shop No 7, Shree Vallabh, Mathuradas Road, next to param gold, opp. lijat papad Kandivali, Kandivali, Bhagat Colony, W, Mumbai, Maharashtra 400067, India",,4.8,240,
116,"Gomani Rideon Toys | kids battery cars, jeep and bikes, Dirt bike and petrol bike.",Delhi,TOY,Toy store,+91 84471 96201,"D-block, street no. 11, Rajendra Park Extension, Nangloi Extension, Nangloi, New Delhi, Delhi, 110041, India",https://www.gomanirideon.com/,4.7,237,"suportgomani@gmail.com, hstrader2017@gmail.com"
117,Tanishka Gifts & Toys,Pune,TOY,Novelty store,+91 87660 71606,"Bohri Ali, 350, opp. Laxminarayan Market, Kapad Ganj, Rameshwar Chouk, Raviwar Peth, Pune, Maharashtra 411002, India",,4.1,227,
118,Fun Drive,Chennai,TOY,Toy store,+91 82707 54926,"21 / 14, Palani Andavar Koil St, Chintadripet, Chennai, Tamil Nadu 600002, India",,4.9,226,
119,TOY FORT,Delhi,TOY,Toy store,+91 87440 55175,"E- 99, Block G, Kamla Nagar, Delhi, 110007, India",https://toyfort.in/,4.5,224,
120,Toyswale,Hyderabad,TOY,Toy store,+91 98853 06130,"metro pillar no C1440, Street no.10, Anna Dorai St, near polimeras, Swathi Avenue, Ameerpet, Hyderabad, Telangana 500016, India",,4.9,222,
121,Laxmi Sports & Toys,Mumbai,TOY,Toy store,+91 92217 09038,"Shop No. 5, Sheetal appartment, Ajanta talkies lane, LT Rd, Sundar Nagar, Borivali West, Mumbai, Maharashtra 400092, India",,4.2,217,
122,Universal Wooden Toys - Manufacture & Wholesaler of Wooden Toys,Mumbai,TOY,Toy manufacturer,+91 90824 30744,"21, A Wing, SUMUKH HILLS, Western Urban Rd, near Akurli Metro Station, off to, Kandivali, Akurli Nagar, Kandivali East, Mumbai, Maharashtra 400101, India",https://universalwoodentoys.com/,5,213,pushpadenterprise@gmail.com
123,Toy Station,Pune,TOY,Toy store,+91 93711 79101,"Laxmi Rd, near Hujurpagga high school, Kunte Chowk, Pune, Maharashtra 411030, India",,4.1,211,
124,Karz and dolls,Delhi,TOY,Toy store,+91 75319 42529,"313, main road, dhakka village, Kingsway Camp, Delhi, 110033, India",http://www.karzanddolls.com/,4.5,210,support@karzanddolls.com
125,Toy house 4,Pune,TOY,Toy store,+91 98233 51102,"8, Veerbhadra Nagar Rd, Veerbhadra Nagar, Baner, Pune, Maharashtra 411045, India",,4.9,193,
126,ADILAKSHMI TOYS,Hyderabad,TOY,Toy store,+91 91105 76734,"A/G10, SV Classic Apartments, 1-7-111, Chaitanyapuri Main Rd, Prabhat Nagar Colony, Dilsukhnagar, Hyderabad, Telangana 500060, India",http://www.theindiantoys.com/,4.8,192,adilakshmitoys@gmail.com
127,Hamleys- The finest toy shop in the world,Pune,TOY,Toy store,+91 77966 42585,"2nd Floor, Unit No 201 to 203, Koregaon Rd, Koregaon Park Annexe, Ghorpadi, Pune, Maharashtra 411001, India",https://stores.hamleys.in/hamleys-the-finest-toy-shop-in-the-world-kopa-pune-toy-shop-ghorpadi-pune-313121/Home,4.8,189,
128,Superhero Toy Store,Mumbai,TOY,Collectibles store,+91 73040 20923,"Gala No 136, Building No 5, B Wing Mittal Industrial Estate, Andheri - Kurla Rd, Andheri East, Mumbai, Maharashtra 400059, India",https://www.superherotoystore.com/,4.1,182,"devesh@superherotoystore.com, deveshc@superherotoystore.com"
129,Kid's Hot Wheel Toy Car On Rental,Mumbai,TOY,Toy store,+91 91675 65675,"Shanti Vihar, Gaurav Heights, Shanti vihar Leena, Swami Vivekanand Rd, Kandivali, Mumbai, Maharashtra 400067, India",,4.9,181,
130,Roma Toys,Mumbai,TOY,Toy store,+91 79788 23397,"Shop Number 2/2A, Floor G-1 Plot-217/219, 217 Patel Building, Sheriff Devji St, Chakla, Market,Mandavi, Masjid, Mumbai, Maharashtra 400003, India",https://m.facebook.com/romatoys/,3.8,179,
131,PLAYMASTER TOYS BY HITESH NAGPAL,Delhi,TOY,Toy store,+91 99995 90959,"SHOP NO. 34B, Cycle Market, Block E 4, Jhandewalan Extension, Jhandewalan, New Delhi, Delhi 110055, India",http://playmastertoys.com/,4.6,175,
132,iNoor International Toys LLP,Mumbai,TOY,Toy store,+91 99874 77867,"95/97, Sarang St, Near Crawford Market, Lohar Chawl, Kalbadevi, Mumbai, Maharashtra 400003, India",,4.2,158,
133,Koshish Toy Store And Library,Pune,TOY,Toy library,+91 98705 00331,"Shop No. 4, Sunshine Avenue Apartment, nr. Datta Mandir Chowk, Clover Park, Viman Nagar, Pune, Maharashtra 411014, India",,4.5,147,
134,P. R. Motors deals in kids battery cars and bikes.,Delhi,TOY,Toy store,+91 98180 82669,"Gol Chakkar, D-6/17, Main Market, Rana Pratap Bagh, Ashok Vihar, Delhi, 110007, India",,4.2,146,
135,TOYTOPIAA,Pune,TOY,Toy store,+91 82081 25775,"Shop No. 3, Chordiya Corner, Gangadham - Shatrunjay Rd, Arihant Society, Kondhwa Budruk, Pune, Maharashtra 411048, India",http://www.toytopiaa.in/,4.9,146,toytopiaa@gmail.com
136,Reliable Traders- RELITOYS,Chennai,TOY,Toy store,+91 75502 42600,"17, Kasi Chetty Street, Sowcarpet, George Town, Chennai, Tamil Nadu 600001, India",http://www.relitoys.in/,4.6,145,gmreliabletraders@yahoo.co.in
137,HESVIKA HANDICRAFTS కొండపల్లి బొమ్మలు ( MAHIPAL ),Hyderabad,TOY,Toy store,+91 93909 91131,"Rajkamal sweets building, Old, ECIL Cross Roads, near Round Building, beside midhunam tiffins, Kamala Nagar, Kamalanagar, Moula Ali, Hyderabad, Secunderabad, Telangana 500062, India",http://hesvikahandicrafts.com/,4.8,145,
138,Maya Toys,Delhi,TOY,Toy store,+91 98180 13877,"Shop number 11 Aurobindo place, market, Hauz Khas Rd, New Delhi, Delhi 110016, India",https://www.mayatoys.in/,4.1,141,"toys@jaishreeexports.com, mayatoysandsports@gmail.com"
139,STAND UP KIDS,Mumbai,TOY,Toy store,+91 98201 07078,"Shop no 4, Prem Nagar Legacy, Pandit Jawaharlal Nehru Rd, near Dhanlaxmi Vada Pav, Mulund West, Mumbai, Maharashtra 400080, India",https://www.instagram.com/standupkids_official/,4.8,132,
140,RIDEON toys chennai wholesale toy car bike jeep battery operated,Chennai,TOY,Toy store,+91 88387 99880,"2, 29, Ponappa St, Pennagaram, Purasaiwakkam, Chennai, Tamil Nadu 600084, India",,4,129,
141,Hamleys - The finest toy shop in the world,Mumbai,TOY,Toy store,+91 22 6808 6971,"3rd Floor, SKY CITY, Unit No T/08A, T/08B, Mall, Borivali East, Mumbai, Maharashtra 400066, India",https://stores.hamleys.in/hamleys-the-finest-toy-shop-in-the-world-toy-shop-borivali-east-mumbai-520465/Home?utm_source=locator&utm_medium=googleplaces,4.9,128,
142,LÄTT LIV,Hyderabad,TOY,Toy store,+91 91103 99207,"Ground Floor, Mantra mall, beside McDonald's, Royal Colony, Rambagh Colony, Hyderabad, Telangana 500048, India",,4.8,124,
143,"SmartCraft - Buy Toys and Games for Kids, Gifts for Boys and Girls",Bengaluru,TOY,Toy store,+91 91084 21222,"Apt, 22/1, 1st Main Rd, opp. to Krishna Haven, Doddaiah Layout, Raghavendra Nagar, Horamavu, Bengaluru, Karnataka 560016, India",http://smartcraft.in/,4.8,123,contact@smartcraft.in
144,Bad Habits Store in Hyderabad (SR Nagar),Hyderabad,TOY,Toy store,+91 90565 96979,"59, opp. pomlimera's, Vengal Rao Nagar, Sunder Nagar, Hyderabad, Telangana 500038, India",https://hyderabadhabits.com/,4,121,
145,Srikanth toys repair and Services,Hyderabad,TOY,Toy store,+91 98667 47244,"door no :13-3-158 Victoria Vihar Apartment near KFC Himayatnagar, Hyderabad, Telangana 500029, India",https://posts.gle/RQHFYP,4.5,121,
146,Automania,Mumbai,TOY,Toy store,+91 99874 17000,"Shop No. 8, Prabhavinayak, New Prabhadevi Road, Prabhadevi, Mumbai, Maharashtra 400025, India",http://www.automania.co.in/,4.5,120,automania.india@gmail.com
147,RAJU TOYS,Delhi,TOY,Toy store,+91 82870 55521,"2nd Floor, 188, 6, Teliwara, Sadar Bazaar, New Delhi, Delhi, 110006, India",https://wa.link/3osx0l,4.8,118,
148,Samruddhi toys shopee,Pune,TOY,Toy store,+91 20 4151 6942,"GX22+7R4, Manjri Rd, Opposite Swaraj Biryani, Subhash Nagar, Madhave Nagar, Hadapsar, Pune, Maharashtra 411028, India",,4.8,118,
149,Toy Park Delhi Private Limited,Delhi,TOY,Toy store,+91 80 4605 2967,"No. 17A/56 99, near Metro Pillar 98, Block 7, Block 10, WEA, Karol Bagh, New Delhi, Delhi, 110005, India",http://www.toypark.co.in/,3.6,116,
150,Shankar Toys,Chennai,TOY,Wholesaler,+91 98401 25073,"2nd floor, 51/52, Bunder Street, George Town, Chennai, Tamil Nadu 600001, India",http://shankartoystoysmanufacturertoysdistributertoyswholesalerintamil.com/,4.9,112,
151,Bacchon ki Duniya,Mumbai,TOY,Toy store,+91 99203 59606,"3rd floor, Ajanta Square, 301A/301B, LT Rd, below ajanta theatre, Sundar Nagar, Borivali West, Mumbai, Maharashtra 400092, India",https://bacchon-ki-duniya.grexa.site/,4.8,110,
152,Savi collection,Delhi,TOY,Toy store,+91 87000 76806,"Gali no 17 Shop no 146, Mangol pur kalan, Pocket 4, Sector 2, Rohini, Delhi, 110085, India",https://www.savicollection.in/,4.5,108,saavicollection0@email.com
153,Cocoland Toys| Mumbai,Mumbai,TOY,Toy store,+91 87790 52255,"Shop No - 288, 2290, Mahatma Gandhi Rd, near Datta Mandir, Motilal Nagar II, Goregaon West, Mumbai, Maharashtra 400104, India",http://cocolandtoys.com/,4.4,103,cocolandtoys@gmail.com
154,Pavan Toy World,Hyderabad,TOY,Toy store,+91 93923 36863,"2nd floor, Pavan Toy World, Mahaveer plaza, 15-8-52, Old Feelkhana, Begum Bazar, Feelkhana, Hyderabad, Telangana 500012, India",https://www.instagram.com/pavantoyworld,4.8,103,
155,Toys Corner,Pune,TOY,Toy store,+91 99706 76887,"Mule Chamber, Shagun Chowk, Laxmi Rd, below Mcdonalds, Narayan Peth, Pune, Maharashtra 411030, India",https://www.toyscorner.in/,4.7,103,
156,Ramkia-Toys Wholesaler,Pune,TOY,Wholesaler,+91 82080 70121,"Sr. No. 634, govind halwai chowk, opposite Kakde Gold Plaza Chowk, near Ranka Jewellers, Kapad Ganj, Raviwar Peth, Pune, Maharashtra 411002, India",,4.8,97,
157,Camp Toy Store Pune,Pune,TOY,Toy store,+91 72192 47527,"Tayabia Orphanage Building 2410/2, East Street, G.T, Road, Pune, Maharashtra 411001, India",https://www.instagram.com/camptoystorepune?igsh=dTI1am9oMGNsN2gw,4.4,96,
158,"Guru Krupa Nx - Exclusive Gift Shop, Best Toy Store & Luxury Perfumes Boutique; Valentines Gifting",Mumbai,TOY,Gift shop,+91 98196 31390,"Shop No.11&12, Building No.5, Matruchhaya CHS, 5, Sainath Mandir Chowk, opp. Universal School, Chembur West, Tilak Nagar, Chembur, Mumbai, Maharashtra 400089, India",,4.6,92,
159,United Agencies Distributors LLP - UATOYS,Delhi,TOY,Wholesaler,+91 99998 59994,"Plot 81, opposite Jahangirpuri Metro station, Block D, Rajasthan Udyog Nagar, Jahangirpuri, Delhi, 110033, India",https://www.uatoys.com/,4.8,92,
160,THE TOY STUDIO -We Delivered Smile😊,Pune,TOY,Toy store,+91 98340 89268,"Shop No 3, Bakori Phata, near THE LEXICON INTERNATIONAL SCHOOL, Wagholi, Pune, Maharashtra 412207, India",,4.7,92,
161,Funskool,Mumbai,TOY,Toy store,+91 97698 60958,"111, August Kranti Rd, Kemps Corner, Malabar Hill, Mumbai, Maharashtra 400026, India",https://www.funskoolindia.com/,4.3,91,"ho@funskool.co.in, ronorth@funskool.co.in, rosouth@funskool.co.in, roeast@funskool.co.in, rowest@funskool.co.in, gmoffice@goa.funskool.co.in, ran@funskool.co.in"
162,Kumar Toys Corporation Wholesaler Distributor,Mumbai,TOY,Toy store,+91 80974 70665,"150, KAZISAIYAD STREET, Mandvi Koliwada, Koliwada, Masjid Bandar West, Masjid Bandar, Mumbai, Maharashtra 400003, India",http://kumartoys.co.in/,4.8,89,kumartoys123@gmail.com
163,Kheliya Toys,Pune,TOY,Toy store,+91 70207 41165,"Shop no 10, Prospero, society, Gera Commerzone IT Park Rd, near MOUNT N GLORY, Tulaja Bhawani Nagar, Kharadi, Pune, Maharashtra 411014, India",http://www.kheliyatoys.com/,4,89,cc@kheliyatoys.com
164,Harish Plus,Mumbai,TOY,Toy store,+91 88793 55485,"Lokhandwala Complex Market, RNA ARCADE SHOP No S/62 KRYSTAL KRYSTAL AVENUE CHS LTD, CORNER, Main Rd, near 4th Cross Road, Lokhandwala Complex, Andheri West, Mumbai, Maharashtra 400053, India",,3.9,87,
165,Kinder Toys,Mumbai,TOY,Toy store,+91 93219 91922,"Ali Husen Chawl, 2, Maruti Mandir Rd, behind BADWAIK HOSPITAL, Kukreja, Govind Nagar, Bhandup West, Mumbai, Maharashtra 400078, India",,4.7,86,
166,Toy car repair,Hyderabad,TOY,Toy manufacturer,+91 73300 92616,"RK Puram, Snehapuri Colony, Kothapet, Hyderabad, Telangana 500102, India",,4.9,86,
167,The Collectors World,Delhi,TOY,Toy store,+91 99990 09948,"Block UP, Poorvi Pitampura, Pitampura, New Delhi, Delhi, 110034, India",,5,85,
168,Happy Kidz Toys,Pune,TOY,Toy store,+91 72762 20338,"Gangadham - Shatrunjay Rd, near Shreeji banquet and Lawns, Shivraj Nagar, Bibwewadi, Pune, Maharashtra 411037, India",,4.9,84,
169,IT VIJAY TOY SHOP,Chennai,TOY,Toy store,+91 98848 80201,"Lloyd's Road, No. 375, Shop No. 7, Prince Panna Apartments Saalai (Lloyd's Road, Avvai Shanmugham Salai, Triplicane, Chennai, Tamil Nadu 600005, India",,5,81,
170,SRI NBS TOY HOUSE,Chennai,TOY,Toy store,+91 44 2538 3103,"1st floor, 110, Varadha Muthiyappan St, Sowcarpet, George Town, Chennai, Tamil Nadu 600001, India",,3.9,78,
171,Mini Marvels,Hyderabad,TOY,Toy store,+91 77806 00196,"Shop no. 4, Jayachandra Enclave, 6-1-107/1-2, Abhinav Colony, Walker Town, Padmarao Nagar, Secunderabad, Hyderabad, Telangana 500020, India",http://www.minimarvelshop.com/,4.9,78,
172,Khilona Ghar – One-Stop Toy Shop in Kondapur,Hyderabad,TOY,Toy store,+91 96246 33768,"Raja Rajarajeshwari Nagar, F No - 343, opposite Santosh Dhaba, Park Avenue Colony, Raja Rajeshwara Nagar, Kondapur, Hyderabad, Telangana 500084, India",https://www.khilonaghar.com/,4.8,78,support@khilonaghar.com
173,KIDS WORLD,Pune,TOY,Toy store,+91 72762 60066,"Plot No 53/2-B, Vikrant Appartment, Sant Nagar, Aranyeshwar, Shiv Darshan Rd, near Treasure, Pune, Maharashtra 411009, India",,4.8,78,
174,Gift Palace - The complete Toy Store,Delhi,TOY,Toy store,+91 93117 71750,"52-B, Khan Market, New Delhi, Delhi 110003, India",https://giftpalace.in/,4.1,77,giftpalace52@gmail.com
175,diamond toys and gifts,Mumbai,TOY,Toy store,+91 98330 02186,"Shop no.3, Express Tower, LT Rd, opp. Diamond talkies, near radha Krishna restaurant, Gyan Nagar, Mhatre Wadi, Borivali West, Mumbai, Maharashtra 400092, India",http://www.diamondtoys.in/,4.3,74,"care@zenitto.in, diamondtoys92@gmail.com, anasjodhatar89@gmail.com"
176,TOYS & SPORTS CORNER,Delhi,TOY,Toy store,+91 98103 28685,"32, CENTRAL MARKET, SAFDARJUNG ENCLAVE, near Green Fields School, New Delhi, Delhi 110029, India",,4.3,73,
177,Knick Knack - Toy Shop,Delhi,TOY,Toy store,+91 99535 06468,"04, GF, Pacific Mall NSP, New Delhi, Delhi 110034, India",http://knickknack.online/,4.2,72,knickk8@gmail.com
178,"SLN First Toys Battery operated Cars , Jeeps , Bikes ...(wholesale & Retaile)",Hyderabad,TOY,Toy store,+91 99896 48742,"1st Floor, 4-97, near Gem Motors, beside More Super Market, Kondapur, Raghavendra Colony, Gachibowli, Hyderabad, Telangana 500084, India",,4.9,71,
179,The Dream Store,Delhi,TOY,Toy store,+91 76786 13418,"Chaudhary Kishan Chand Complex, Shopping Complex, 4B/1, Jwala Heri Main Rd, Market, Paschim Vihar, New Delhi, Delhi, 110063, India",,4.7,69,
180,Toy Planet,Pune,TOY,Toy store,,"Shop no 9, Sun Shine Court, opposite HDFC Bank, Kalyani Nagar, Pune, Maharashtra 411006, India",,4.5,69,
181,SR TOYS,Delhi,TOY,Toy store,+91 96541 41116,"pan mandi, 1048, Chandni Chowk Rd, Narain Market, Sadar Bazaar, Delhi, 110006, India",,4.9,68,
182,Toy Villa,Delhi,TOY,Toy store,+91 99991 07002,"Stall no 13, Market, Block C, Moti Bagh South Market, South Moti Bagh, New Delhi, Delhi 110021, India",,4.6,67,
183,Nice Collection,Mumbai,TOY,Toy store,+91 98199 22756,"Shop No. - 11/12, Anant Apartments, Anant Apartment, Kandivali, Nabard Nagar, Thakur Complex, Kandivali East, Mumbai, Maharashtra 400101, India",,4.4,66,
184,JOYBOX GIFTS & TOYS,Mumbai,TOY,Gift shop,,"Shop No. 9, Kalyan Apartment, BJ Patel Rd, opposite SBI, Malad, Kanchpada, Malad West, Mumbai, Maharashtra 400095, India",,4.9,66,
185,Big Tom,Mumbai,TOY,Toy store,+91 98200 85862,"59/A, Wodehouse Rd, opposite Charag Din Stores, Colaba, Mumbai, Maharashtra 400005, India",https://www.bigtomindia.com/,4.5,66,bigtomindia@gmail.com
186,Anas Souq,Mumbai,TOY,Toy store,+91 72082 04541,"84, 670, Off, New Link Rd, Motilal Nagar III, Goregaon West, Mumbai, Maharashtra 400104, India",https://www.anassouq.com/,2.9,63,
187,Toys World,Pune,TOY,Toy store,+91 94033 53527,"Lake Town Rd, Kapil Upvan, Chaitraban, Mahalaxmi Nagar, Bibwewadi, Pune, Maharashtra 411037, India",,4.3,61,
188,Geeta Toys,Delhi,TOY,Toy store,+91 98118 65025,"Fire Station, 73 Number Second Floor, Qutab Rd, Teliwara, Sadar Bazaar, New Delhi, Delhi 110006, India",https://geetatoys.catalog.to/,4.5,60,
189,Hungry Brain,Mumbai,TOY,Toy store,+91 88797 57536,"3rd Mamlatdarwadi, Ajugia House, opp. Kadiawadi, near Jain Temple, Malad, Compund, Malad West, Mumbai, Maharashtra 400064, India",https://hungrybrain.in/,4.6,59,support@hungrybrain.in
190,Canara Toys,Mumbai,TOY,Toy store,+91 77159 26534,"352, Abdul Rehman St, Lohar Chawl, Kalbadevi, Mumbai, Maharashtra 400003, India",,4.7,59,
191,The dream toyz,Delhi,TOY,Car dealer,+91 80080 07003,"B31, opp. petrol pump shell, Block B, Vishal Enclave, Rajouri Garden, New Delhi, Delhi, 110027, India",,4,59,
192,Mahadev Toys and Gifts,Bengaluru,TOY,Toy store,,"sapthagiri complex Viginan, 60/4, 13th Cross Rd, near poorvika mobiles, beside Ramdev hi-fashion, Vignan Nagar, Doddanekkundi, Bengaluru, Karnataka 560075, India",,4.5,58,
193,SB Toys Chennai,Chennai,TOY,Toy store,+91 99527 90907,"Dr.L.M.Medical Centre, 30/108, Gowdiamutt Rd, Ganapathy Colony, Royapettah, Chennai, Tamil Nadu 600014, India",https://www.sbtoyschennai.in/,5,58,sbtoyschennai14@gmail.com
194,Smart Toy Villa,Pune,TOY,Toy store,+91 97627 17172,"GR45+M4X, Gujrat Colony, Kothrud, Pune, Maharashtra 411038, India",,4.7,58,
195,Brainbox Games,Pune,TOY,Toy store,+91 79775 19001,"Shop 52, Brahma Majestic, NIBM Rd, near 16 no ki chai, opp. Span Star kids, NIBM Undri Road, Kausar Baugh, Kondhwa, Pune, Maharashtra 411048, India",https://brainboxgames.in/,4.4,58,
196,JB MARKETING Toys ( WHOSALE N RETAIL ),Bengaluru,TOY,Toy store,+91 96580 50060,"VIJININAPURA extn, police station, post, near Ramamurthy nagar, Dooravani Nagar, Bengaluru, Karnataka 560016, India",https://api1.vyaparapp.in/store/jbmarketingtoys1,4.9,57,
197,Sky Toys,Mumbai,TOY,Toy store,+91 90291 48612,"Shop No F5, Yara Market, Radio Bakery, Musafir Khana Rd, Chhatrapati Shivaji Terminus Area, Masjid, Mumbai, Maharashtra 400001, India",,4.9,57,
198,"R G Toys & Novelties - Best Toys and Fancy Stationery Wholesale & Retail Shop in Sadar Bazar , Delhi",Delhi,TOY,Toy store,+91 98919 49414,"1st Floor, PO Street Towel Market, 291-293, Narain Market, Sadar Bazaar, Delhi, 110006, India",,4.5,57,
199,THE KIDDIE KART,Pune,TOY,Toy store,+91 95033 22100,"Shop no 8, Sai Complex, 9 & 10, Renuka Park Rd, near Hotel Mapple, Sai Satyam Park, Wagholi, Pune, Maharashtra 412207, India",http://www.thekiddiekart.co.in/,4.9,55,
200,SK TOYS & TREATS,Delhi,TOY,Toy store,+91 11 4752 3613,"Cycle Market, 100 A, Block E 4, Jhandewalan Extension, Jhandewalan, Delhi, New Delhi, Delhi 110055, India",,3.9,54,
201,V.S.TRADING COMPANY,Chennai,TOY,Toy store,+91 72000 67860,"16, Sadayappan Street, Seven Wells St, Chennai, Tamil Nadu 600001, India",,4.9,52,
202,Love Kush Gallery,Delhi,TOY,Toy store,+91 84477 77606,"Shop No 22, Block GH 13, GH 13, DDA Market, Paschim Vihar, New Delhi, Delhi, 110087, India",,4.9,50,
203,"RK First Toys- Ride on Cars, Jeeps in Hyderabad",Hyderabad,TOY,Toy store,+91 80085 99340,"Pillar No: C1726, Landmark- Ambika Stationery, H. No. 1-74, beside MI Home, Phase 2, Kavuri Hills, Madhapur, Hyderabad, Telangana 500081, India",https://firstoys.in/,4.4,50,
204,Suman Cycle And Kids Zone,Hyderabad,TOY,Toy store,+91 80192 07406,"ShopNo4 1stFloor, Hyd, Swamy Solitaire, Rajarajeshwari Nagar Colony, Udaynagar Colony, Tulasi Nagar, Sanath Nagar, Hyderabad, Telangana 500018, India",https://www.indiamart.com/sumancyclekidszone/,4.7,49,
205,SINGH SAHAB TOYS,Delhi,TOY,Toy store,+91 98110 88947,"263,second floor, towel marker, opposite pan mandi madzid, Narain Market, Sadar Bazaar, New Delhi, Delhi, 110006, India",https://vypzee.com/delhi/delhi/delhi-sadar-bazar/singh-sahabtoys,4.8,48,//unpkg.com/leaflet@1.6.0
206,StarToys,Chennai,TOY,Toy store,+91 99412 58080,"Korukkupet Railway Station, 37, Thiyagappa Chetty St, near Chennai, Meenambal Nagar, Korukkupet, Old Washermanpet, Chennai, Tamil Nadu 600021, India",http://www.startoy.in/,4.7,47,startoystamil@gmail.com
207,Toys & Babies Store,Hyderabad,TOY,Toy store,+91 99493 08873,"Shop No. 10, 1-80/1/11&12, Sri Raghavendra Nagar Colony, Jyothi Nagar, Kharmanghat, Hyderabad, Telangana 500079, India",,4.2,47,
208,Wonderkids Edutainment,Mumbai,TOY,Toy store,+91 88988 10999,"Gala No.7, Patil Compound, Rd, near K-Divine Banquets, near BOM-KARTING, Eksar Village, Eksar, Borivali West, Mumbai, Maharashtra 400091, India",http://wonderkidsedutainment.com/?utm_source=gmb&utm_medium=referral,4.6,45,
209,Smart Kids,Mumbai,TOY,Toy store,+91 89766 01608,"Shop No. 1 & 2, Pratistha Building, Station Road & L.T. Road, Mulund East, Mumbai, Maharashtra 400081, India",,3.8,44,
210,PINK COLLECTION NX,Mumbai,TOY,Toy store,+91 76661 84050,"Shop No Bldg, 1 28, Dattani Park Rd, Kandivali, Dattani Park, Thakur Village, Kandivali East, Mumbai, Maharashtra 400101, India",https://giftbazar23.myshopify.com/,4.7,43,
211,A one Toys & Gifts,Delhi,TOY,Toy store,+91 98183 04498,"Kailash Colony Market, HS-2/3, sector 4, Greater Kailash, New Delhi, Delhi 110048, India",,5,43,
212,Sangeetha Toyz,Chennai,TOY,Wholesaler,+91 98942 12923,"30, Rattan Bazaar Rd, Rattan Bazaar, George Town, Chennai, Tamil Nadu 600003, India",,4.1,42,
213,CHHABRA TRADERS - TOY SHOP AND GIFT SHOP/CHHABRA ENTERPRISES-BAG HOUSE),Delhi,TOY,Toy store,+91 99997 65179,"Chhabra Complex, D-66/A, opposite canara bank, Munirka, New Delhi, Delhi 110067, India",,4.9,41,
214,Pradeep Toys Distributors,Hyderabad,TOY,Wholesaler,,"15-8-234 Cellar, Niamath plaza shopping center, behind New Santosh Dhaba 1, Hyderabad, Telangana 500012, India",,4.3,41,
215,Wholesale gallery,Mumbai,TOY,Toy store,+91 77158 81008,"No.4B, Ground Floor, Sai Prasad Housing Society, Road No.2, Singh Estate, opp. Basra Studio, near Samata Nagar, Kandvali (E, Mumbai, Maharashtra 400101, India",,4.2,40,
216,LV TOYS - Wholesale Toys Shop,Delhi,TOY,Toy store,+91 93107 89403,"MANCHI WALI GALI, near MAHABIR BAZAR, Teliwara, Sadar Bazaar, New Delhi, Delhi, 110006, India",https://lvtoys.in/,4.9,40,
217,Swastik toys world,Chennai,TOY,Toy store,,"cmc complex, 32/14, Kasi Chetty Street, Sowcarpet, George Town, Chennai, Tamil Nadu 600001, India",,3.9,40,
218,"Heera Collection - Stationary, Xerox, Toys, Gifts and Electronics",Mumbai,TOY,Stationery store,+91 70451 16346,"Shop No. 12, Shri Hari CHS, RTO Rd, Sahayog Nagar, Four Bungalows, Andheri West, W, Maharashtra 400053, India",,4.8,39,
219,Junkie Yard,Mumbai,TOY,Toy store,+91 70214 46006,"Shop No 8-9, Ground Floor, Souparnica CHS, Kolivery Village, Kunchi Kurve Nagar, Kalina, Santacruz East, Mumbai, Maharashtra 400098, India",https://junkieyard.in/,3.7,39,
220,Radha gift & Toys,Chennai,TOY,Wholesaler,+91 98403 85431,"110, Govindappa Naicken St, Seven Wells South, George Town, Chennai, Tamil Nadu 600001, India",https://radhagiftntoys.com/,4.2,39,radhamarketing110@yahoo.com
221,KidzCarz Warehouse Kalyani Nagar. Biggest variety of kids battery operated cars bikes jeeps rideons,Pune,TOY,Toy store,+91 90283 46579,"Matru Chhaya Society, Kalyani Nagar, Pune, Maharashtra 411006, India",https://www.kidzcarz.in/,4.4,39,
222,KidsTime Wholesaler,Pune,TOY,Toy store,+91 77981 28502,"Second Flore, Abhiruchi Mall, Sinhgad Rd, Bhide Baug, Wadgaon Budruk, Narhe, Pune, Maharashtra 411041, India",,3.8,38,
223,S M Gadiwala,Pune,TOY,Toy store,+91 70832 19602,"Nagar, Wagholi - Keshnand Rd, Wagholi, Pune, Maharashtra 412207, India",https://www.instagram.com/sm_gadiwala_02?igsh=b3JvZjVzdHA1aThv&utm_source=qr,4.9,38,
224,Maskman toys,Delhi,TOY,Toy store,+91 70427 69639,"1, GT Karnal Rd, SBI Colony, Derawal Nagar, Gujranwala Town, Delhi, 110033, India",http://www.maskmantoys.com/,4.4,37,"helpmaskmantoys@gmail.com, collabmaskman@gmail.com"
225,B K Enterprises,Pune,TOY,Toy store,+91 20 2449 2398,"1557, Laxmi Narayan Market, Shukrawar Peth, Pune, Maharashtra 411002, India",,3.8,36,
226,Nice Collection,Pune,TOY,Toy store,+91 72648 96110,"Near, Shop No 7 Shubh Agusta Buildings, 14, Eon Free Zone Rd, Kharadi, Pune, Maharashtra 411014, India",,4.6,35,
227,RAJA PLASTIC,Delhi,TOY,Toy store,+91 98994 35380,"Bahadurgarh Road, 1444/45, Main Gali, Fyaz Ganj, New Delhi, Delhi 110006, India",https://www.rajaplastic.co.in/,4.5,33,
228,ITS MY TOY Wholesaler,Delhi,TOY,Toy store,+91 81309 86862,"KH.No. 1193 basement, 216, near yadhuvanshi dharam Kanta, Bhalswa Jahangir Village, Jahangirpuri, Delhi, 110033, India",http://itsmytoy.in/,4.7,32,
229,Aaccu baccu toy world,Hyderabad,TOY,Toy store,+91 82967 81402,"2nd floor, mahaveer plaza, Shop No, 226 to 230, Old Feelkhana, Begum Bazar, Hyderabad, Telangana 500012, India",https://www.instagram.com/aaccu_baccu_toyworld?igsh=MTY1dWs1Z2I0bzFqdQ==&utm_source=qrhttps://www.instagram.com/aaccu_baccu_toyworld?igsh=MTY1dWs1Z2I0bzFqdQ==&utm_source=qr,3.8,32,
230,Toy Jack,Mumbai,TOY,Toy store,+91 99675 95531,"Shop No. 12, Royal Pearl Building, Haji Zakaria Rd, Malad, Navy Colony, Mamledarwadi, Malad (W, Mumbai, Maharashtra 400064, India",,4.7,31,
231,GANESH TOYS AND GIFT CENTRE,Chennai,TOY,Toy store,+91 98406 47116,"FLOOR SHOP NO - 7, RATAN BAZAAR KUMBHAT COMPLEX, 29, 1st Ln, opp. C1 POLICE STATION, Chennai, Tamil Nadu 600003, India",,4,31,
232,Iqra Toys & Stationery .(xerox store),Chennai,TOY,Toy store,+91 90943 87027,"231, Peter's Rd, Balaji Nagar, Royapettah, Chennai, Tamil Nadu 600004, India",http://www.thefunkart.in/,4.8,31,
233,"Enlit Kids/ Toys, Children's Books, Teaching Aids, Preschool set up, School Suppliers",Pune,TOY,Toy store,+91 98507 30384,"Regent Plaza Mall, Baner - Pashan Link Rd, Baner, Pune, Maharashtra 411069, India",http://www.enlitkids.com/,4.6,31,"amol_barbare@enlitkids.com, vrushali_barbare@enlitkids.com"
234,Bittoo Stationery and toys Store,Delhi,TOY,Stationery store,+91 11 4701 0686,"A2/118, Outer Ring Rd, Pocket 2, Sector 8A, Rohini, Delhi, 110085, India",,4.3,30,
235,"First Toys- Wholesale Battery Operated Cars in Kukatpally, Hyderabad",Hyderabad,TOY,Toy store,+91 80085 99340,"MIG 8/4, Beside Lane Of Born Babies Store Opp: KS Bakers, 3rd, Kukatpally Housing Board Colony, Hyderabad, Telangana 500072, India",https://firstoys.in/kukatpally-store/,4.3,30,
236,Toys Please! - Toy Shop Near Me | Action Figures | Soft Toys | Gifting,Pune,TOY,Toy store,,"843, Dastur Meher Rd, next to Berry Next Store, Camp, Pune, Maharashtra 411001, India",,4.7,30,
237,King Stationery Toys Plasticware,Pune,TOY,Toy store,+91 90113 69619,"Shop No 3 , Shyamal Apartment , iti Road Anand Park , Aundh , Pune 411007, Pune, Maharashtra 411067, India",https://www.instagram.com/kingtoysaundhpune?igsh=NTdyOWY0NDJjbTNj,5,30,
238,Toysway,Delhi,TOY,Toy store,+91 93111 48622,"5, 38, Ajmal Khan Rd, Block 5, WEA, Karol Bagh, New Delhi, Delhi, 110005, India",,4.8,29,
239,HighGearToys,Delhi,TOY,Toy store,,"B507, 6, Gali Number 13, Subash Vihar, New delhi, Delhi, 110053, India",http://highgeartoys.com/,5,29,enterprisesdwh786@gmail.com
240,Tanu Toys Agency,Delhi,TOY,Toy store,+91 93193 23730,"2873/17, 3 Floor Beli Ram Market, Sadar Bazaar, Delhi, 110006, India",https://www.indiamart.com/tanu-toys-agency/,4.6,29,
241,Liberty Enterprises,Chennai,TOY,Toy store,+91 99406 20949,"near:, city centre, 11, Kasi Chetty Street, Sowcarpet, George Town, Chennai, Tamil Nadu 600001, India",https://libertyenterprises.online/,4.4,29,
242,Vijay Sales ( Toy Shop Wholesaler),Pune,TOY,Toy store,+91 94220 15177,"808, Shukrawar Peth - Mahatma Gandhi Rd, behind gadi khana hospital, nehru chowk, Pune, Maharashtra 411002, India",,4.1,29,
243,TOY VOGUE Baner,Pune,TOY,Toy store,+91 93095 36900,"Shop no 1/2, Aditi Samruddhi, Sr no. 173/4, Baner - Mahalunge Rd, nr. lenovo service centre, Baner, Pune, Maharashtra 411069, India",,4.7,29,
244,Divy Collection,Mumbai,TOY,Toy store,+91 98338 93688,"Gala no 2, bangles gala, road, opp. flags restaurant, Malad, Navy Colony, Liberty Garden, Malad West, Mumbai, Maharashtra 400064, India",http://divytoys.com/,4.9,27,
245,MURALI TOYS,Chennai,TOY,Toy store,+91 63826 10547,"Old no.3, New no. 92, 1st floor, Devaraja Mudali St, opp. Perumal koil, Park Town, Chennai, Tamil Nadu 600003, India",,5,27,
246,OM TOYS,Chennai,TOY,Toy store,+91 94450 38822,"1st floor, Alwar Plaza complex, 10/n, Kasichetty Lane, Sowcarpet, George Town, Chennai, Tamil Nadu 600001, India",http://wholesaleomtoys.in/,4.4,27,
247,Toy House,Chennai,TOY,Toy store,+91 44 2535 2058,"43, Rattan Bazaar, George Town, Chennai, Tamil Nadu 600003, India",https://toyhouse.co.in/,3.6,27,
248,TOYS 'R' IN,Hyderabad,TOY,Toy store,+91 99669 50001,"Dr. AS Rao Nagar Rd, Arul Colony, Brindavan Colony, Dr. A. S. Rao Nagar, Secunderabad, Telangana 500062, India",,4.3,27,
249,Batra Toys & Gift,Delhi,TOY,Toy store,+91 88600 77811,"6b/2, near Hdfc Bank, Block 3, Ramesh Nagar, Delhi, 110015, India",http://www.facebook.com/batratoysandgift,4.8,25,
250,Rajput Collection,Hyderabad,TOY,Toy store,+91 77994 51845,"#G-9, 15-8-433, Feelkhana, Hyderabad, Telangana 500012, India",,4.6,25,
251,Kid's paradise,Pune,TOY,Toy store,+91 86007 38569,"SHOP NO 1&2, KBD Aurelia, Pancard Club Rd, Baner, Pune, Maharashtra 411069, India",,4.5,24,
252,Matchless Toys,Mumbai,TOY,Toy store,+91 92210 32566,"293/2330, Mahatma Gandhi Rd, near Manthan Hotel, Motilal Nagar II, Goregaon West, Mumbai, Maharashtra 400104, India",https://www.instagram.com/matchlesstoys_?igsh=NWt2bHF3dWhjeTY2&utm_source=qr,4.1,23,
253,K.K. Gifts & Toys Gallery,Delhi,TOY,Gift shop,+91 92121 12357,"A-4/180, Giani Gurumukhi Musaphir Marg, Pocket 4, Sector 17A, Rohini, Delhi, 110089, India",,5,23,
254,Ayaan Toys,Delhi,TOY,Toy store,,"30, Ram Kumar Marg, Block A, Motia Khan, Sadar Bazaar, New Delhi, Delhi, 110055, India",https://www.ayaantoys.com/,4.7,23,
255,Brij Trading Company Toys,Delhi,TOY,Wholesaler,,"Gandhi Market, 5240, Rui Mandi, Sadar Bazaar, New Delhi, Delhi, 110006, India",,3.1,23,
256,S.M TOYS CHENNAI,Chennai,TOY,Wholesaler,,"Nammalwar Street, Peddanaickenpet, George Town, Chennai, Tamil Nadu 600001, India",,4.9,23,
257,Anime World & toys,Pune,TOY,Toy store,+91 77090 23010,"Ground Flor, Relince smart, Kharadi reaod, opposite Nyati Empire, Rakshak Nagar, Kharadi, Pune, Maharashtra 411014, India",,5,23,
258,Bala ji Gift,Delhi,TOY,Toy store,+91 88027 51655,"metro pillar no 375, opp goyal store ,1st floor Rohtak road ,nangloi chowk, market, Punjabi Basti, Nangloi, Delhi, 110041, India",,4.3,22,
259,Radha Krishna Toys,Chennai,TOY,Toy store,+91 98403 36823,"No. 21, 1st Floor, Old no. 9, New, Reddy Raman St, Sowcarpet, Chennai, Tamil Nadu 600001, India",https://www.radhakrishnatoys.in/,4.9,22,
260,SAMBHAV SPORTS & TOYS,Hyderabad,TOY,Sporting goods store,+91 96763 64075,"mahaveer plaza, Shop no 504, 15-1-92, 5th floor, Feel khana Begum Bazar Rd, Hyderabad, Telangana 500012, India",https://youtu.be/xPIISkNMLoQ,4.8,22,
261,TOY ZONE TRADERS,Pune,TOY,Toy store,+91 97303 14156,"Shop no. 6 Dhanvarsha market, Govind halwai chowk, 1149, Raviwar Peth, Pune, Maharashtra 411002, India",,4.4,22,
262,Laxmi Agency,Mumbai,TOY,Toy store,+91 87796 57838,"No -01, 168/1339, Db More Marg, Kala Galli, Motilal Nagar I, Goregaon West, Mumbai, Maharashtra 400104, India",,4.3,21,
263,Daily Stop! | Best toy shop in Andheri,Mumbai,TOY,Toy store,+91 91361 12039,"Shop no. 36, Manish nagar shopping center, station, JP Rd, near Metro Station D N Nagar, opp. Adani western heights, Gharkul Society, Manish Nagar, Four Bungalows, Andheri West, Mumbai, Maharashtra 400053, India",,4.8,21,
264,bellaqueen.in,Mumbai,TOY,Toy store,,"Shantadurga Bldg, Shantisagar CHS, 22B/301, Ramabai Nagar, Ramabai Ambedkar Nagar, Ghatkopar East, Mumbai, Maharashtra 400075, India",https://www.bellaqueen.in/,5,21,"info@bellaqueen.in, fahimshaikhwp@gmail.com"
265,Ashish Trading Co.,Delhi,TOY,Toy manufacturer,+91 88009 62840,"Office - BC, 67A, Block BC, Poorbi Shalimar Bag, Shalimar Bagh, Delhi, 110088, India",http://ashishtradingindia.co.in/,4.8,21,
266,ID Toys | Plastic toys wholesale market in Delhi,Delhi,TOY,Toy store,,"Industrial Area, 308/5, Old Rohtak Rd, Shahzada Bagh, Phase 1, Shivaji Nagar, Daya Basti, Delhi, 110015, India",https://idtoys.store/,4.9,21,
267,Sha Taraji Ramlal & Co -best toy n game shop sowcarpet,Chennai,TOY,Toy store,+91 98401 79696,"18, Kasi Chetty Street, Sowcarpet, George Town, Chennai, Tamil Nadu 600001, India",,4.6,20,
268,Hamleys - The finest toy shop in the world,Hyderabad,TOY,Toy store,+91 40 6931 4334,"3rd Level, 4th Floor, Lakeshore Mall, No L3/20 & L3/21, near Balanagar Metro Station, IDA Kukatpally, Kukatpally, Hyderabad, Telangana 500072, India",https://stores.hamleys.in/hamleys-the-finest-toy-shop-in-the-world-lakeshore-mall-toy-shop-kukatpally-hyderabad-537995/Home?utm_source=locator&utm_medium=googleplaces,5,20,janga.venkatesh@ril.com
269,TOY VALLEY,Delhi,TOY,Toy store,+91 99685 82136,"STALL NO. 12, MARKET, Block C, Moti Bagh South Market, South Moti Bagh, New Delhi, Delhi 110021, India",,4.6,19,
270,Narayan Trading Co- Best Toys Shop in Sadar Bazar Delhi.,Delhi,TOY,Toy store,+91 95820 21506,"2nd Floor, Beliram Market, Shop no, 2873/14, Chowk, Teliwara, Sadar Bazaar, Delhi, 110006, India",,4.8,19,
271,TOY TEAM,Delhi,TOY,Store,+91 80768 18868,"13/588, 1st floor, Shivaji Rd, Azad Market, Mithai Pul, Teliwara, Sadar Bazaar, Delhi, 110006, India",https://zenterprises123.catalog.to/,4.6,19,
272,AGILE TOYS WORLD -Best Toys Wholesale shop,Hyderabad,TOY,Toy store,+91 99596 39153,"SECOND FLOOR, SD MALL, SHOP NO.215,216,217 AND 218, near SANTOSH DHABA, Hyderabad, Telangana 500012, India",https://www.agileworldindia.com/,4.8,19,
273,scoobies store,Pune,TOY,Toy store,,"Scoobies, Lower Ground Floor, Phoenix Marketcity, Clover Park, Viman Nagar, Pune, Maharashtra 411014, India",https://scoobies.co.in/,4.2,19,contact@scoobies.co.in
274,Millennium Toys,Mumbai,TOY,Toy store,+91 98928 65558,"18,Dattani Apt.NO.4,A Wing ,Parekh Nagar ,Off.S.V.Road,Kandivli West, Mumbai, Maharashtra 400067, India",,3.8,18,
275,"Mahaveer Stationery, Toys,Games and Gifts Store",Mumbai,TOY,Toy store,+91 90829 52556,"Shop No 4, Rushabh Apartment, Pandit Jawaharlal Nehru Rd, Gavani Pada, Sarvodaya Nagar, Mulund West, Mumbai, Maharashtra 400080, India",,4.5,18,
276,S D TOYS,Delhi,TOY,Wholesaler,+91 82793 49484,"3rd Floor, 4272, GALI, Bahuji Gali, Pahari Dhiraj, Delhi, 110006, India",,5,18,
277,Rangoon stores - Kasi chetty Street. Parrys,Chennai,TOY,Toy store,+91 97103 97447,"New no 13, old, Kasi Chetty Street, Sowcarpet, George Town, Chennai, Tamil Nadu 600079, India",,5,18,
278,"Innocents Baby Shop (Near me Toys,kids Bikes E.Cars Wholesaler )",Hyderabad,TOY,Baby store,+91 76720 86748,"No. 16-2-705, 29/1, H, Andhra Colony, New Malakpet, Hyderabad, Telangana 500036, India",,4.9,18,
279,Crystal Toys,Mumbai,TOY,Toy store,+91 72086 97797,"134, Sarang St, Near Crawford Market, Opp, Kalbadevi, Mumbai, Maharashtra 400003, India",,4.2,17,
280,Saini Toys,Delhi,TOY,Toy store,+91 93112 88062,"upper ground floor, Ch. Vidyanand Market, 2487, Teliwara chowk, near Fire Station, Narain Market, Sadar Bazaar, Delhi, 110006, India",https://www.sainitoys.in/,4.8,17,
281,Renuka Toys,Hyderabad,TOY,Toy store,,"2nd Floor, Chetan plastic, Near, Feelkhana Rd, Begum Bazar, Hyderabad, Telangana 500012, India",,4.5,17,
282,A TO Z COLLECTION,Hyderabad,TOY,Toy store,,"Mandir Masjid back side, *A TO Z collection* 17-1-383/98/1 IS Sadan, X Road, Saidabad Rd, Vinay Nagar, Saroor Nagar West, Santosh Nagar, Hyderabad, Telangana 500059, India",https://www.facebook.com/share/15x4T7d3GD/,5,17,
283,Deepak store,Delhi,TOY,Toy store,+91 93111 70768,"1st floor, ICICI Bank Ltd, chowk fire station, 2770, 2769, Qutab Rd, Teliwara, Sadar Bazaar, New Delhi, Delhi 110006, India",https://deepaktoystore.catalog.to/,4.9,16,
284,Arihant Toys Gifts & Novelties,Hyderabad,TOY,Toy store,+91 90325 68603,"1-6-72, Mahatma Gandhi Rd, near Gandhi Statue, opp. Jagdamba Pearls, Kandoji Bazar, General Bazaar, Kalasiguda, Secunderabad, Telangana 500003, India",,4.8,16,
285,KIDDO I' LAND,Chennai,TOY,Toy store,+91 95007 58995,"ramalinga street, 9/2, Seven Wells St, Seven Wells North, George Town, Chennai, Tamil Nadu 600001, India",,4.7,15,
286,Toyz & More,Hyderabad,TOY,Toy store,,"Piller No 1135, under Metro, Chikkadpally, Hyderabad, Telangana 500020, India",,4.3,15,
287,Krazy Jackal,Delhi,TOY,Toy manufacturer,,"Bhanot Trade Centre, 207-208, Market, opp. Jwala Heri, Friends Tower, A 2B Block, Paschim Vihar, New Delhi, Delhi, 110063, India",http://krazyjackal.com/,5,13,
288,Durga Toys Manufacturing pvt ltd,Chennai,TOY,Wholesaler,+91 98845 17826,"122/1, Govindappa Naicken St, Sowcarpet, George Town, Chennai, Tamil Nadu 600001, India",,3.9,13,
289,Amar Toys,Chennai,TOY,Toy store,,"No 1 bammu, Vengu Chetty St, Park Town, Tamil Nadu 600003, India",,4.5,13,
290,Toy mart,Hyderabad,TOY,Toy store,+91 99509 11753,"DSL VIRTUE MALL, IDA Uppal, Uppal, Hyderabad, Telangana 500039, India",https://www.instagram.com/budh_bishnoi?igsh=dHBpanlnMGhqeXBu,4.6,13,
291,Elite Brand Hub,Mumbai,TOY,Toy store,,"5th Ln, Reay Rd, Darukhana, Byculla, Mumbai, Maharashtra 400010, India",,5,12,
292,Toys Room,Delhi,TOY,Toy store,+91 85959 87426,"RZ-45C, Old Mehrauli Rd, Palam Colony, Raj Nagar II Extension, Raj Nagar, New Delhi, Delhi, 110077, India",,4.9,12,
293,Tanish Toy & Stationary Shop,Delhi,TOY,Toy store,+91 98107 34072,"Gali No. 7, Shiv Kunj, Sant Nagar, Burari, New Delhi, Delhi, 110084, India",,5,12,
294,PLAY TOYS ZONE,Chennai,TOY,Toy store,,"Sadayappan street, Seven Wells St, Tamil Nadu 600001, India",,5,12,
295,Sri Goga Toys,Chennai,TOY,Toy store,+91 75501 00509,"135, Anna Pillai St, Sowcarpet, George Town, Chennai, Tamil Nadu 600001, India",https://www.instagram.com/invites/contact/?i=1k6sncp4idnng&utm_content=mnnwuhm,5,12,
296,"Chennai Novelties - Soft Toys Manufacturer In Chennai, Soft Toys Wholesaler In Chennai",Chennai,TOY,Wholesaler,+91 89251 90954,"Shop No.32, Parmila Complex, Strotten Muthiah St, Saidapet, Sowcarpet, George Town, Chennai, Tamil Nadu 600001, India",https://www.chennainovelties.com/,4.3,12,
297,Ranuja Toys,Chennai,TOY,Toy store,,"37QJ+R8J, lane, snowcarpet, Sowcarpet, George Town, Chennai, Tamil Nadu 600001, India",,4.3,12,
298,Vimal Toys,Chennai,TOY,Toy store,+91 95853 94878,"2nd floor, shingvi plaza, Near: Jai Girnar impex, No:17, Narayana Mudali Street, Sowcarpet, Chennai, Tamil Nadu 600001, India",,4.2,12,
299,Abc Toys,Mumbai,TOY,Toy store,+91 81087 65863,"152, Nagdevi St, behind Mercantile Bank, Khokha Bazar, Chippi Chawl, Kalbadevi, Mumbai, Maharashtra 400003, India",https://rupaylive.com/store/abc-toys/,4.6,11,
300,JP. TOYS,Chennai,TOY,Store,+91 63814 94640,"No5 subbarayan naicken lane near N.S.C Bose Road alwar plaza, Sowcarpet, Chennai, Tamil Nadu 600001, India",https://chat.whatsapp.com/DeNrj5OXpsxKsESCQsqZkk,4.9,11,
301,BALAJI TOYS WORLD,Chennai,TOY,Toy store,+91 93822 31367,"police station, 122/1, Govindappa Naicken St, near flower bazar, Sowcarpet, George Town, Chennai, Tamil Nadu 600001, India",https://balajitoy.com/,4.1,11,vipulmali37@gmail.com
302,A2Z bismi toys world,Chennai,TOY,Game store,+91 97880 32589,"A 97, Burma Bazaar, Parrys, George Town, Chennai, Tamil Nadu 600001, India",,4.8,11,
303,GURU’S TOYS,Hyderabad,TOY,Toy store,+91 40 2771 4687,"1st Floor, 7-2-1015, Station Road, Takara Basthi, Ashok Nagar, Monda Market, Shivaji Nagar, Secunderabad, Telangana 500003, India",,4.6,11,
304,PD Toys & Accessories,Hyderabad,TOY,Wholesaler,+91 94947 94331,"Raju Colony, Balanagar, Hyderabad, Telangana 500042, India",,5,11,
305,Hulkkart,Pune,TOY,Toy store,+91 96654 56798,"7, shivanjali mitra mandal trust, Old Sai Baba Mandir Rd, Raghavendra Nagar, Kharadi, Pune, Maharashtra 411014, India",,4.1,11,
306,URS millennium Toys Kandivali,Mumbai,TOY,Toy store,+91 98922 44994,"Nalekar Estate, 41, Posar Bridge, opposite Hiranandani Gardens, Kandivali, Fateh Baug, Kandivali West, Mumbai, Maharashtra 400067, India",,4.8,10,
307,Toy Trade Impex,Delhi,TOY,Toy store,+91 95550 56737,"B-58, Block B, Mayapuri Industrial Area Phase I, Mayapuri, New Delhi, Delhi 110064, India",,4.8,10,
308,MM agrawal & sons,Delhi,TOY,Toy store,+91 99906 66267,"ist floor, 24, Bahadurgarh Rd, Hathi Khana, Sadar Bazaar, Delhi, 110006, India",http://www.mmagrawal.in/,4.9,10,
309,BHERUNATH NOVELTY,Chennai,TOY,Toy store,,"11/V, Sathrasala complex, first floor, kasi chetty lane, Sowcarpet, Chennai, Tamil Nadu 600001, India",,4.7,10,
310,SK TOYS,Chennai,TOY,Toy store,+91 98408 15197,"3/5, Perumal Mudali St, Sowcarpet, George Town, Chennai, Tamil Nadu 600001, India",,4.8,10,
311,Famous Toys,Hyderabad,TOY,Toy store,+91 99514 33258,"Mukaram Jahi Market, Laad Bazaar Rd, Julu Khana, Laad Bazar, Charminar, Ghansi Bazaar, Hyderabad, Telangana 500002, India",,4,10,
312,Saniya toy mall,Pune,TOY,Toy store,+91 86195 80068,"Niramay hospital, Bajirao Nagar, Mate Nagar, Wadgaon Sheri, Pune, Maharashtra 411014, India",,4.1,10,
313,KALKI TOYS,Chennai,TOY,Toy store,+91 44 2538 3517,"11/G KASI CHETTY LANE SATRASHALA COMPLEX 1 ST ROAD, Chennai, Tamil Nadu 600001, India",,4.3,9,
314,Maya Toys and Gift Novelties,Pune,TOY,Toy store,+91 78752 61918,"Infront of Maharaja Wines, 1019, Ambika Niwas, Deep Bungalow Chowk, Model Colony, Pune, Maharashtra 411016, India",,4.4,9,
315,ROYAL KIDS TOYS,Bengaluru,TOY,Toy store,+91 91418 40286,"2, Basavanapura Main Rd, Chikkabasavanapura, Krishnarajapuram, Bengaluru, Karnataka 560049, India",,3.9,8,
316,Radhika Toys,Hyderabad,TOY,Toy store,+91 91606 14084,"Viswanatham Complex, 15-8-436/C-1, Feel khana Begum Bazar Rd, Feelkhana, Hyderabad, Telangana 500012, India",,4.9,8,
317,CrazyRC.com,Hyderabad,TOY,Toy store,+91 95532 49321,"2nd Floor, CrazyRC, 202, opp. Moon Toons kids Garden Colony, Venkatadri Colony, Masab Tank, Hyderabad, Telangana 500006, India",http://crazyrc.com/,3.5,8,"info@CrazyRC.com, support@crazyrc.in"
318,Tiny Treasures,Pune,TOY,Toy store,+91 81301 02346,"Park Express, Balewadi High St, Maharashtra 411045, India",,4,8,
319,Torque Dynamics India,Bengaluru,TOY,Toy store,,"19, 6th Cross, Maheshwarappa Layout Kalkere, behind Spooorthi Sagarika School, Horamavu, Bengaluru, Karnataka 560113, India",,4.9,7,
320,Choice Enterprise,Mumbai,TOY,Toy store,+91 98191 19311,"D/2,609, Kadambari CHS, Vishwa CHS, RDP 8, Charkop,-6, Kandivali West, Mumbai, Maharashtra 400067, India",http://choiceenterprise.in/,4.4,7,cejk9999@gmail.com
321,Sumit Toys,Delhi,TOY,Wholesaler,+91 97110 34046,"Teliwara, Sadar Bazaar 2452/5 F.F, Bharti Mkt, New Delhi, Delhi 110006, India",,3.7,7,
322,S J Enterprises,Chennai,TOY,Toy store,+91 98842 14480,"39, Narayana Mudali Street, Sowcarpet, George Town, Chennai, Tamil Nadu 600001, India",,4.7,7,
323,Krishna Toys & Gifts,Hyderabad,TOY,Toy store,,"9GW6+5CG, Shivam Rd, Prashanti Nagar, New Nallakunta, Hyderabad, Telangana 500044, India",,4.7,7,
324,Suraj toys agency,Pune,TOY,Toy store,+91 98600 42102,"1182, 2nd floor, above SSP Jewellers, near Laxmi Narayan Mandir Road, Kapad Ganj, Raviwar Peth, Pune, Maharashtra 411002, India",,5,7,
325,Toy City,Pune,TOY,Electrical products wholesaler,+91 84592 09930,"Bhawani Mata Mandir 15, Solapur - Pune Hwy, Survey No 15, Hadapsar, Pune, Maharashtra 411028, India",,5,7,
326,Tiny Tots,Mumbai,TOY,Toy store,+91 95945 00839,"2nd floor, Ishwar Krupa Building, 238/240, Nagdevi St, beside safi castle tower, Near Crawford Market, Lohar Chawl, Kalbadevi, Mumbai, Maharashtra 400003, India",,4.5,6,
327,Arihant Sales TOYS,Delhi,TOY,Toy store,+91 98915 86555,"First Floor, No. 4894-96, Phoota Road, Pahari Dhiraj, Sadar Bazaar, New Delhi, Delhi, 110006, India",,4.7,6,
328,Ramdev Marketing,Chennai,TOY,Toy store,+91 94448 13084,"No.12, Reddy Raman St, Sowcarpet, George Town, Chennai, Tamil Nadu 600001, India",,4.3,6,
329,Navkar Toys,Pune,TOY,Toy store,+91 94211 77006,"Shop No 3, Budhwar Peth Rd, Rameshwar Chouk, Shukrawar Peth, Pune, Maharashtra 411002, India",,4.2,6,
330,SMART TOYS AND GAMES,Bengaluru,TOY,Toy store,+91 99644 25525,"Old Madras Rd, opp. canara bank,, SMART TOYS AND GAMES, Devasandra Extension, Krishnarajapuram, Bengaluru, Karnataka 560036, India",,5,5,
331,Shakti Collection,Mumbai,TOY,Toy store,+91 98212 71432,"Evershine Shopping Centre, 17, Ratan Nagar Ln, near 7 Bungalows, Gharkul Society, Ratan Nagar, Four Bungalows, Andheri West, Mumbai, Maharashtra 400053, India",,5,5,
332,Mahalaxmi Toyz,Chennai,TOY,Toy store,+91 96599 58702,"sangvi plaza, 17, Narayana Mudali Street, Sowcarpet, George Town, Chennai, Tamil Nadu 600001, India",,5,5,
333,MAHESH MARKETING,Chennai,TOY,Toy store,+91 44 2536 0092,"Ground floor, 113, Govindappa Naicken St, Sowcarpet, George Town, Chennai, Tamil Nadu 600001, India",https://www.instagram.com/invites/contact/?i=15f8t9dqxid8b&utm_content=pk1r0d4,4.8,5,
334,Zaid gift house,Hyderabad,TOY,Toy store,+91 99666 67880,"Dastagirnagar, CRPF Colony, Chandrayangutta, Hyderabad, Telangana 500005, India",,5,5,
335,Pavan Verities,Pune,TOY,Toy store,,"Bus stop, near Anand park, opp. puneri sweet, Hanuman Nagar, Wadgaon Sheri, Pune, Maharashtra 411014, India",,3.6,5,
336,Riddhi Collection - Toy Shop,Mumbai,TOY,Toy store,+91 86521 38736,"Shop no-4, Wood Rose Apartment Chs Ltd., Lokhandwala Complex Market, near RBL Bank, opp. Hops Kitchen and Bar, Maharashtra 400053, India",,5,4,
337,P N Agencys,Chennai,TOY,Toy store,+91 44 2539 1401,"47/2, Perumal Mudali St, Sowcarpet, George Town, Chennai, Tamil Nadu 600079, India",http://youtu.be/R2X-6RTpt4U,4.8,4,
338,Five Star Novelties,Chennai,TOY,Toy store,,"52, Narayana Mudali Street, lane, snowcarpet, Sowcarpet, George Town, Chennai, Tamil Nadu 600001, India",,3,4,
339,Vinita Enterprises,Chennai,TOY,Toy store,+91 94445 45201,"Kum kum arcade :301, 3rd fllor, Narayana Mudali Street, Parrys, Chennai, Tamil Nadu 600001, India",http://thevinitaenterprises.com/,5,4,"vinitaenterprisesch@gmail.com, meghatoysch@gmail.com"
340,Toys car service center,Chennai,TOY,Electronics store,,"63/10A, Mylappa Rd, Chinna Chembarambakkam, Ayanavaram, Chennai, Tamil Nadu 600023, India",,2,4,
341,Priyanka Toys Wholesale & Retail,Hyderabad,TOY,Toy store,+91 94409 51248,"Shop no:15-8, 445, Feel khana Begum Bazar Rd, Feelkhana, Hyderabad, Telangana 500012, India",,5,4,
342,Toysnmore,Mumbai,TOY,Toy store,+91 89764 38266,"Chakala St, Koliwada, Masjid Bandar West, Mandvi, Mumbai, Maharashtra 400003, India",https://www.instagram.com/toysnd_more?igsh=a3o5c3F6bWZoYjQ2,5,3,
343,SUPER TOYS,Chennai,TOY,Game store,+91 99520 40623,"NARAYANA, 101, Narayana Mudali Street, Seven Wells South, Vinayaka Mudali St, SOWCARPET, George Town, Chennai, Tamil Nadu 600001, India",,3.7,3,
344,J&J Stores98,Hyderabad,TOY,Toy store,+91 94930 12479,"Sri Sai Krishna Colony, Plot No 36, Ramanthapur, Hyderabad, Telangana 500039, India",,5,3,
345,om toys wholesaler,Mumbai,TOY,Toy store,+91 87909 18580,"D3,ground floor, Samrat Ashok, chs ltd, plot no.938, rsc 15, Sector 5, Charkop Sector 9, kandivali (w, Mumbai, Maharashtra 400067, India",,4,2,
346,Shree rajaram toy Mumbai,Mumbai,TOY,Toy store,,"1st floor, 86, Sarang St, Near Crawford Market, Lohar Chawl, Kalbadevi, Mumbai, Maharashtra 400003, India",,5,2,
347,Saurabh Toys seller wholesaler importer,Delhi,TOY,Toy store,,"chowk, Teliwara, Sadar Bazaar, New Delhi, Delhi, 110006, India",,3,2,
348,Jagadamba toys,Chennai,TOY,Toy store,+91 44 2538 0287,"2nd Floor, 41,Narayan mudali street, Kasi Chetty Street, corner, Sowcarpet, Chennai, Tamil Nadu 600001, India",,5,2,
349,micro marketing,Chennai,TOY,Toy store,,"kalivi plaza, 78/8, Narayana Mudali Street, Sowcarpet, George Town, Chennai, Tamil Nadu 600001, India",,2.5,2,
350,Pavan enterprises,Chennai,TOY,Toy store,+91 90243 93384,"2,venkatachala mudail lane, near, NSC Bose Rd, opposite Govindappa Naicken Street, near Hotel prakash bhavan, Sowcarpet, Chennai, Tamil Nadu 600003, India",,5,2,
351,Runicha Toys,Hyderabad,TOY,Novelties wholesaler,+91 99496 95045,"15-8-513/D/7, Cellar, Aziz Plaza, Feelkhana, Cellar, Hyderabad, Telangana 500012, India",,5,2,
352,Vasavi Toys & Sweets confectionery,Hyderabad,TOY,Confectionery wholesaler,+91 83283 37668,"Shop No.15-8, 117D, Feelkhana Rd, near Jagadamba Temple, Fish Market, Begum Bazar, Afzal Gunj, Hyderabad, Telangana 500012, India",,5,2,
353,S.kantilal &Co,Hyderabad,TOY,Toy store,+91 90308 48016,"IGH SOCIETY, 122, Gaganpahad, Hyderabad, Telangana 500077, India",,5,2,
354,"K Mart -Stationery, Toy mall",Pune,TOY,Stationery wholesaler,+91 70585 28498,"Shop No.1, Bade wasti, Keshav Nagar Rd, Mundhwa, Pune, Maharashtra 411036, India",,4.5,2,
355,Toys mart,Mumbai,TOY,Wholesaler,+91 79776 28294,"Gala No 1 Jangleshwar Mahadev Mandir Asalpha, Ghatkopar West, Mumbai, Maharashtra 400084, India",,5,1,
356,GLORY SPORTS AND MORE (GLORYNATION),Delhi,TOY,Toy store,+91 93155 07578,"BASEMENT, Infront of Shivani Medicos, Lila Ram Market, B15, LEELARAM MARKET, BASEMENT ,INFRONT OF RADHA KRISHNA MANDIR, South Extension II, Delhi 110049, India",http://glorynation.catalog.to/,5,1,
357,HARSH TOYS,Chennai,TOY,Toy store,,"11, Reddy Raman St, Sowcarpet, George Town, Chennai, Tamil Nadu 600001, India",,5,1,
358,Gift Park,Chennai,TOY,Toy store,+91 44 2849 0070,"5, 6, 7, 8 and 9th floor, 769, spencer plaza, phase 3, Anna Salai, Triplicane, Chennai, Tamil Nadu 600002, India",,5,1,
359,M Toys,Hyderabad,TOY,Wholesaler,+91 96033 67337,"S no 8 Lower Floor, 15-1-495, beside Jain Mandir Road, Siddiamber Bazar, Begum Bazar, Feelkhana, Hyderabad, Telangana 500012, India",,4,1,
360,Priyanka,Chennai,TOY,Toy store,+91 98849 75921,"ujjawal complex, 58, Narayana Mudali Street, Sowcarpet, George Town, Chennai, Tamil Nadu 600001, India",,,,
